stratum,n_snps,expected,observed,se,ci_lower,ci_upper
P > 0.1,6971625,0.0178609411050777,0.0182679666989671,1.44115695616286e-05,0.0182397200226263,0.0182962133753079
P > 0.1,6971625,0.0535827610206464,0.055303011085018,1.50190483242323e-05,0.0552735737503025,0.0553324484197335
P > 0.1,6971625,0.0893045809362152,0.0923088334159517,1.57080027360355e-05,0.0922780457305891,0.0923396211013143
P > 0.1,6971625,0.125026400851784,0.129613280300103,1.64170341170693e-05,0.129581102913234,0.129645457686973
P > 0.1,6971625,0.160748220767353,0.166872622678643,1.70875678319422e-05,0.166839131045692,0.166906114311593
P > 0.1,6971625,0.196470040682921,0.204169316667965,1.785018841258e-05,0.204134330298677,0.204204303037254
P > 0.1,6971625,0.23219186059849,0.241532524011547,1.85670836866114e-05,0.241496132527521,0.241568915495573
P > 0.1,6971625,0.267913680514059,0.278916065241551,1.95450437989504e-05,0.278877756955705,0.278954373527397
P > 0.1,6971625,0.303635500429628,0.316720215906725,2.04375314457312e-05,0.316680158345091,0.316760273468358
P > 0.1,6971625,0.339357320345196,0.354458786163095,2.1189341362538e-05,0.354417255054024,0.354500317272165
P > 0.1,6971625,0.375079140260765,0.39203628129948,2.20224431616563e-05,0.391993117310883,0.392079445288077
P > 0.1,6971625,0.410800960176334,0.429748347919828,2.3162808521794e-05,0.429702948815125,0.42979374702453
P > 0.1,6971625,0.446522780091903,0.46796069548412,2.44740454765211e-05,0.467912726354986,0.468008664613254
P > 0.1,6971625,0.482244600007471,0.506371345338219,2.55106055327634e-05,0.506321344551374,0.506421346125063
P > 0.1,6971625,0.51796641992304,0.544760143294814,2.65181551251991e-05,0.544708167710768,0.544812118878859
P > 0.1,6971625,0.553688239838609,0.582957380299716,2.75765833315354e-05,0.582903330196386,0.583011430403046
P > 0.1,6971625,0.589410059754178,0.621259461099855,2.88300925023866e-05,0.621202954118551,0.62131596808116
P > 0.1,6971625,0.625131879669746,0.659719068855226,3.02858578240257e-05,0.659659708573891,0.659778429136561
P > 0.1,6971625,0.660853699585315,0.69853349268352,3.1725487938049e-05,0.698471310727162,0.698595674639879
P > 0.1,6971625,0.696575519500884,0.737300706832623,3.27153776354433e-05,0.737236584692457,0.737364828972788
P > 0.1,6971625,0.732297339416452,0.776069026187491,3.46352027268302e-05,0.776001141190147,0.776136911184836
P > 0.1,6971625,0.768019159332021,0.814933364426658,3.56420052605593e-05,0.814863506096348,0.815003222756969
P > 0.1,6971625,0.80374097924759,0.853807650718608,3.74845678997773e-05,0.853734180965524,0.853881120471691
P > 0.1,6971625,0.839462799163159,0.892806983974671,3.91559162768737e-05,0.892730238378768,0.892883729570574
P > 0.1,6971625,0.875184619078727,0.932063741615647,4.11254731679041e-05,0.931983135688238,0.932144347543056
P > 0.1,6971625,0.910906438994296,0.971389399473302,4.25768692681456e-05,0.971305948809537,0.971472850137068
P > 0.1,6971625,0.946628258909865,1.01054248183513,4.41817454335863e-05,1.01045588561408,1.01062907805618
P > 0.1,6971625,0.982350078825434,1.04959585362558,4.6131281950786e-05,1.04950543631296,1.0496862709382
P > 0.1,6971625,1.018071898741,1.08884657269658,4.80744420700526e-05,1.08875234679012,1.08894079860304
P > 0.1,6971625,1.05379371865657,1.12800633948351,5.04549304483533e-05,1.12790744781983,1.12810523114719
P > 0.1,6971625,1.08951553857214,1.1673656561311,5.23992376085418e-05,1.16726295362539,1.16746835863681
P > 0.1,6971625,1.12523735848771,1.20677489034918,5.49783725172855e-05,1.20666713273905,1.20688264795932
P > 0.1,6971625,1.16095917840328,1.24630982367094,5.72513712771594e-05,1.24619761098324,1.24642203635864
P > 0.1,6971625,1.19668099831885,1.28564083834124,5.95234443045901e-05,1.28552417239041,1.28575750429208
P > 0.1,6971625,1.23240281823442,1.32503954704963,6.23704570185982e-05,1.32491730095387,1.32516179314538
P > 0.1,6971625,1.26812463814998,1.36490166434762,6.56007880084433e-05,1.36477308680313,1.36503024189212
P > 0.1,6971625,1.30384645806555,1.40497256888397,6.82636546590203e-05,1.40483877212084,1.4051063656471
P > 0.1,6971625,1.33956827798112,1.44487853570187,7.11552872725646e-05,1.44473907133882,1.44501800006492
P > 0.1,6971625,1.37529009789669,1.48465862726503,7.41046658866693e-05,1.4845133821199,1.48480387241017
P > 0.1,6971625,1.41101191781226,1.52409569885656,7.54343570617083e-05,1.52394784751672,1.5242435501964
P > 0.1,6971625,1.44673373772783,1.56400712511855,8.19845312583774e-05,1.56384643543728,1.56416781479981
P > 0.1,6971625,1.4824555576434,1.60516137948542,8.75573942393791e-05,1.60498976699271,1.60533299197813
P > 0.1,6971625,1.51817737755896,1.64765392606998,9.40916143772497e-05,1.6474695065058,1.64783834563416
P > 0.1,6971625,1.55389919747453,1.6901474832819,9.57881809518039e-05,1.68995973844723,1.69033522811656
P > 0.1,6971625,1.5896210173901,1.73247105670519,0.000100824037996569,1.73227344159072,1.73266867181967
P > 0.1,6971625,1.62534283730567,1.77599534437984,0.000109900252166839,1.77577993988559,1.77621074887409
P > 0.1,6971625,1.66106465722124,1.81946023293362,0.000110343107770798,1.81924396044239,1.81967650542485
P > 0.1,6971625,1.69678647713681,1.86273262738719,0.000117448113197496,1.86250242908532,1.86296282568906
P > 0.1,6971625,1.73250829705238,1.90703467841472,0.000127482126474971,1.90678481344683,1.90728454338262
P > 0.1,6971625,1.76823011696795,1.95197062915636,0.000129447543854525,1.95171691197041,1.95222434634232
P > 0.1,6971625,1.80395193688351,1.99744150881631,0.000143737526513137,1.99715978326434,1.99772323436827
P > 0.1,6971625,1.83967375679908,2.04352789134279,0.000145499996881156,2.04324271134891,2.04381307133668
P > 0.1,6971625,1.87539557671465,2.08986354398461,0.000150643237887442,2.08956828323835,2.09015880473087
P > 0.1,6971625,1.91111739663022,2.136287512046,0.000163327600031607,2.13596738994994,2.13660763414206
P > 0.1,6971625,1.94683921654579,2.18441371520657,0.000171543385507779,2.18407749017098,2.18474994024217
P > 0.1,6971625,1.98256103646136,2.23157514088917,0.00017577262939839,2.23123062653554,2.23191965524279
P > 0.1,6971625,2.01828285637693,2.27927828942548,0.000181821321784318,2.27892191963478,2.27963465921617
P > 0.1,6971625,2.0540046762925,2.32697836490413,0.000198994257114277,2.32658833616018,2.32736839364807
P > 0.1,6971625,2.08972649620806,2.37677963740067,0.000212873142176843,2.376362406042,2.37719686875933
P > 0.1,6971625,2.12544831612363,2.42646842830117,0.000218823249463503,2.42603953473222,2.42689732187012
P > 0.1,6971625,2.1611701360392,2.47756493805817,0.000238481831189612,2.47709751366904,2.4780323624473
P > 0.1,6971625,2.19689195595477,2.52751177126165,0.000237324836486472,2.52704661458213,2.52797692794116
P > 0.1,6971625,2.23261377587034,2.57806657816258,0.000251551183409034,2.5775735378431,2.57855961848207
P > 0.1,6971625,2.26833559578591,2.62995576708399,0.000277083113045059,2.62941268418242,2.63049884998556
P > 0.1,6971625,2.30405741570148,2.6847999056997,0.000302147923373337,2.68420769576989,2.68539211562952
P > 0.1,6971625,2.33977923561705,2.74176349106152,0.000317193522484616,2.74114179175745,2.74238519036559
P > 0.1,6971625,2.37550105553261,2.79796213396497,0.000348107242041933,2.79727984377057,2.79864442415937
P > 0.1,6971625,2.41122287544818,2.85809290228364,0.000376033251232738,2.85735587711122,2.85882992745605
P > 0.1,6971625,2.44694469536375,2.92025591187482,0.000400556247714938,2.9194708216293,2.92104100212035
P > 0.1,6971625,2.48266651527932,2.98160402286924,0.000403715820125333,2.98081273986179,2.98239530587669
P > 0.1,6971625,2.51838833519489,3.04365609962782,0.000451198050264038,3.0427717514493,3.04454044780634
P > 0.1,6971625,2.55411015511046,3.11180179029127,0.000480833859703437,3.11085935592625,3.11274422465629
P > 0.1,6971625,2.58983197502603,3.1764141096307,0.000500832867076266,3.17543247721123,3.17739574205017
P > 0.1,6971625,2.6255537949416,3.24069394935968,0.000512714560495664,3.23968902882111,3.24169886989825
P > 0.1,6971625,2.66127561485716,3.31008133503245,0.000582325144818246,3.3089399777486,3.31122269231629
P > 0.1,6971625,2.69699743477273,3.38442260295606,0.000669378800890398,3.38311062050631,3.3857345854058
P > 0.1,6971625,2.7327192546883,3.46286577669929,0.000712835982031117,3.46146861817451,3.46426293522408
P > 0.1,6971625,2.76844107460387,3.54871903238727,0.000852709596461865,3.5470477215782,3.55039034319633
P > 0.1,6971625,2.80416289451944,3.64592992711689,0.000926181247351875,3.64411461187208,3.6477452423617
P > 0.1,6971625,2.83988471443501,3.74017193857303,0.0010125109467536,3.73818741711739,3.74215646002866
P > 0.1,6971625,2.87560653435058,3.84436383252995,0.00111473007396808,3.84217896158497,3.84654870347493
P > 0.1,6971625,2.91132835426615,3.96374257024812,0.00144806298697754,3.96090436679364,3.96658077370259
P > 0.1,6971625,2.94705017418171,4.09859877857601,0.00159509872255315,4.09547238507981,4.10172517207221
P > 0.1,6971625,2.98277199409728,4.24957547615914,0.0019900668019025,4.24567494522741,4.25347600709087
P > 0.1,6971625,3.01849381401285,4.42369569283081,0.0021136771470561,4.41955288562258,4.42783850003904
P > 0.1,6971625,3.05421563392842,4.58742153056181,0.00224334680486624,4.58302457082427,4.59181849029934
P > 0.1,6971625,3.08993745384399,4.77632127874915,0.00265743995209839,4.77111269644303,4.78152986105526
P > 0.1,6971625,3.12565927375956,4.98602396030053,0.00350939446379356,4.97914554715149,4.99290237344956
P > 0.1,6971625,3.16138109367513,5.22594337483484,0.00318000056410604,5.21971057372919,5.23217617594049
P > 0.1,6971625,3.1971029135907,5.43833879590739,0.0030632243940626,5.43233487609503,5.44434271571975
P > 0.1,6971625,3.23282473350626,5.73673602802109,0.00614101153131092,5.72469964541972,5.74877241062246
P > 0.1,6971625,3.26854655342183,6.0499661563595,0.00464525056083997,6.04086146526026,6.05907084745875
P > 0.1,6971625,3.3042683733374,6.24013090077993,0.00190045063672825,6.23640601753194,6.24385578402792
P > 0.1,6971625,3.33999019325297,6.30767822291568,0.000621233572750368,6.30646060511309,6.30889584071827
P > 0.1,6971625,3.37571201316854,6.3470537686383,0.000794199058602381,6.34549713848344,6.34861039879316
P > 0.1,6971625,3.41143383308411,6.38616077575774,0.000720638840563916,6.38474832363023,6.38757322788524
P > 0.1,6971625,3.44715565299968,6.41700179386879,0.000629926812811018,6.41576713731568,6.4182364504219
P > 0.1,6971625,3.48287747291525,6.45866011572896,0.0010781887079616,6.45654686586136,6.46077336559656
P > 0.1,6971625,3.51859929283081,6.49514807337244,0.000841575323805656,6.49349858573778,6.4967975610071
P > 0.1,6971625,3.55432111274638,6.54051858538499,0.00107113269425506,6.53841916530425,6.54261800546573
P > 0.1,6971625,3.59004293266195,6.61001108980116,0.00328856582676618,6.6035655007807,6.61645667882162
P > 0.1,6971625,3.62576475257752,6.9290883828976,0.0135483411772968,6.9025336341901,6.9556431316051
P > 0.1,6971625,3.66148657249309,7.56565544913479,0.0147792931731956,7.53668803451533,7.59462286375425
P > 0.1,6971625,3.69720839240866,8.06651611713098,0.00840568191742039,8.05004098057283,8.08299125368912
P > 0.1,6971625,3.73293021232423,8.39486870112995,0.0103987745461937,8.37448710301941,8.41525029924049
P > 0.1,6971625,3.7686520322398,8.76907534068609,0.0105577779819358,8.74838209584149,8.78976858553068
P > 0.1,6971625,3.80437385215536,9.08002248588398,0.0111033801969354,9.05825986069799,9.10178511106998
P > 0.1,6971625,3.84009567207093,9.46514733880946,0.00929917299822631,9.44692095973293,9.48337371788598
P > 0.1,6971625,3.8758174919865,9.80048949305546,0.0114293036346353,9.77808805793157,9.82289092817934
P > 0.1,6971625,3.91153931190207,10.0998142220009,0.0115016434247088,10.0772710008885,10.1223574431134
P > 0.1,6971625,3.94726113181764,10.530850943672,0.0198845570310705,10.4918772118911,10.5698246754529
P > 0.1,6971625,3.98298295173321,10.9135361670786,0.0126035472314981,10.8888332145049,10.9382391196524
P > 0.1,6971625,4.01870477164878,11.2538365732926,0.00870827658881207,11.2367683511785,11.2709047954067
P > 0.1,6971625,4.05442659156435,11.3495536256849,0.00265490571778078,11.344350010478,11.3547572408917
P > 0.1,6971625,4.09014841147991,11.56705759983,0.0192554247806978,11.5293169672598,11.6047982324002
P > 0.1,6971625,4.12587023139548,12.0037516202642,0.0206557167232105,11.9632664154867,12.0442368250417
P > 0.1,6971625,4.16159205131105,12.50744053674,0.0232535280060943,12.4618636218481,12.553017451632
P > 0.1,6971625,4.19731387122662,13.3626463111925,0.0334934911133799,13.2969990686103,13.4282935537747
P > 0.1,6971625,4.23303569114219,13.9569170145012,0.0391247514989627,13.8802325015633,14.0336015274392
P > 0.1,6971625,4.26875751105776,15.1695654518846,0.0843139795515376,15.0043100519636,15.3348208518056
P > 0.1,6971625,4.30447933097333,16.0106796259685,0.0207129867147974,15.9700821720075,16.0512770799295
P > 0.1,6971625,4.3402011508889,16.5045954210506,0.0352163785404544,16.4355713191113,16.5736195229899
P > 0.1,6971625,4.37592297080446,17.0159825551285,0.0351894398111194,16.9470112530987,17.0849538571582
P > 0.1,6971625,4.41164479072003,17.6454489699332,0.0445383949818675,17.5581537157687,17.7327442240977
P > 0.1,6971625,4.4473666106356,18.3142871832384,0.043345931377588,18.2293291577384,18.3992452087385
P > 0.1,6971625,4.48308843055117,18.9759963801651,0.0701865938505209,18.8384306562181,19.1135621041121
P > 0.1,6971625,4.51881025046674,20.4379515143744,0.105769961284946,20.2306423902559,20.6452606384928
P > 0.1,6971625,4.55453207038231,21.2598746145179,0.0511871320355196,21.1595478357283,21.3602013933076
P > 0.1,6971625,4.59025389029788,21.9940972014991,0.0525118657041323,21.891173944719,22.0970204582792
P > 0.1,6971625,4.62597571021345,22.4935952521716,0.0526111845921199,22.3904773303711,22.5967131739722
P > 0.1,6971625,4.66169753012902,22.9957044959781,0.0247884326885635,22.9471191679085,23.0442898240477
P > 0.1,6971625,4.69741935004458,23.3766525807881,0.0362599523891457,23.3055830741054,23.4477220874709
P > 0.1,6971625,4.73314116996015,23.6303556939551,0.0194817923171644,23.5921713810134,23.6685400068967
P > 0.1,6971625,4.76886298987572,24.2049059082232,0.0821944469107872,24.0438047922781,24.3660070241684
P > 0.1,6971625,4.80458480979129,25.3274736000835,0.19896519923731,24.9375018095783,25.7174453905886
P > 0.1,6971625,4.84030662970686,26.8803475712794,0.146145430460799,26.5939025275763,27.1667926149826
P > 0.1,6971625,4.87602844962243,28.5799031541886,0.16980629073022,28.2470828243574,28.9127234840198
P > 0.1,6971625,4.911750269538,30.0052216988345,0.211021313191636,29.5916199249789,30.4188234726901
P > 0.1,6971625,4.94747208945356,34.1579646061565,0.576311903118527,33.0283932760442,35.2875359362688
P > 0.1,6971625,4.98319390936913,36.0849475073565,0.0289298711118322,36.0282449599773,36.1416500547357
P > 0.1,6971625,5.0189157292847,36.3569288550225,0.104974687739934,36.1511784670523,36.5626792429928
P > 0.1,6971625,5.05463754920027,36.9504963227438,0.0208073225895774,36.9097139704683,36.9912786750194
P > 0.1,6971625,5.09035936911584,37.0814888106968,0.014404326866093,37.0532563300392,37.1097212913543
P > 0.1,6971625,5.12608118903141,37.3151815559938,0.091884669339712,37.1350876040879,37.4952755078996
P > 0.1,6971625,5.16180300894698,38.6937288276081,0.388584373078135,37.932103456375,39.4553541988413
P > 0.1,6971625,5.19752482886255,40.2102402440265,0.153249933547742,39.909870374273,40.5106101137801
P > 0.1,6971625,5.23324664877811,40.9998531926109,0.27856646180159,40.4538629274798,41.545843457742
P > 0.1,6971625,5.26896846869368,43.0175256142709,0.312068664283642,42.4058710322749,43.6291801962668
P > 0.1,6971625,5.30469028860925,46.2152804132535,0.907859986971112,44.4358748387901,47.9946859877169
P > 0.1,6971625,5.34041210852482,49.7675435475897,0.817149160184702,48.1659311936277,51.3691559015518
P > 0.1,6971625,5.37613392844039,54.2282678666387,1.6331815814293,51.0272319670373,57.4293037662401
P > 0.1,6971625,5.41185574835596,58.2252531433925,1.47371686094353,55.3367680959432,61.1137381908418
P > 0.1,6971625,5.44757756827153,60.0784649707312,0.229834820978649,59.627988721613,60.5289412198493
P > 0.1,6971625,5.4832993881871,60.7918033307841,0.135211924587964,60.5267879585917,61.0568187029765
P > 0.1,6971625,5.51902120810266,65.7414289815929,0.50575458721886,64.7501499906439,66.7327079725419
P > 0.1,6971625,5.55474302801823,66.4652126413705,,,
P > 0.1,6971625,5.5904648479338,68.3499930256467,1.02613770600295,66.338763121881,70.3612229294125
P > 0.1,6971625,5.62618666784937,88.2099964796095,,,
P > 0.1,6971625,5.66190848776494,92.1617807780924,,,
P > 0.1,6971625,5.69763030768051,98.3348946077142,1.30337755626817,95.7802745974286,100.889514618
P > 0.1,6971625,5.73335212759608,100.841637507905,,,
P > 0.1,6971625,5.76907394751165,160.390405590775,,,
P > 0.1,6971625,5.80479576742721,164.204815410318,,,
P > 0.1,6971625,5.87623940725835,168.05109823903,,,
P > 0.1,6971625,5.91196122717392,178.277366077466,,,
P > 0.1,6971625,5.98340486700506,180.333482019445,,,
P > 0.1,6971625,6.01912668692063,197.97881070093,,,
P > 0.1,6971625,6.09057032675176,202.442492798094,,,
P > 0.1,6971625,6.19773578649847,232.73518217699,,,
P > 0.1,6971625,6.30490124624518,234.362510270488,,,
P > 0.1,6971625,6.44778852590745,234.958607314842,,,
P > 0.1,6971625,6.66211944540086,237.356547323514,,,
P > 0.1,6971625,7.12650310430326,241.70114692359,,,
1e-2 to 0.1,823840,0.0155424450958847,0.0160581274437339,3.91001930827647e-05,0.0159814910652917,0.0161347638221762
1e-2 to 0.1,823840,0.0466268081287231,0.0482055687548252,4.0503660801289e-05,0.0481261815796547,0.0482849559299958
1e-2 to 0.1,823840,0.0777111711615614,0.0803599697663799,4.15125203930854e-05,0.0802786052264095,0.0804413343063504
1e-2 to 0.1,823840,0.1087955341944,0.112806892008603,4.45628938052047e-05,0.112719548736744,0.112894235280461
1e-2 to 0.1,823840,0.139879897227238,0.145911575588625,4.59999697259475e-05,0.145821415647962,0.146001735529288
1e-2 to 0.1,823840,0.170964260260077,0.178690112339624,4.67861623276317e-05,0.178598411461462,0.178781813217787
1e-2 to 0.1,823840,0.202048623292915,0.211157697082222,4.89025762628217e-05,0.211061848032747,0.211253546131697
1e-2 to 0.1,823840,0.233132986325753,0.243601053711212,5.02565425566202e-05,0.243502550887801,0.243699556534623
1e-2 to 0.1,823840,0.264217349358592,0.276463873158543,5.40423537459176e-05,0.276357950145201,0.276569796171885
1e-2 to 0.1,823840,0.29530171239143,0.309713767623032,5.52693775209151e-05,0.309605439643091,0.309822095602972
1e-2 to 0.1,823840,0.326386075424268,0.342922583262932,5.86452547004633e-05,0.342807638563719,0.343037527962145
1e-2 to 0.1,823840,0.357470438457107,0.376594204163251,6.07369169039512e-05,0.37647515980612,0.376713248520383
1e-2 to 0.1,823840,0.388554801489945,0.410858262109158,6.34973126460118e-05,0.410733807376372,0.410982716841945
1e-2 to 0.1,823840,0.419639164522784,0.445281449873417,6.71622801264461e-05,0.445149811804369,0.445413087942465
1e-2 to 0.1,823840,0.450723527555622,0.480138235844906,7.08663132109933e-05,0.479999337871012,0.480277133818799
1e-2 to 0.1,823840,0.48180789058846,0.515579219335745,7.23463517431374e-05,0.515437420486328,0.515721018185162
1e-2 to 0.1,823840,0.512892253621299,0.549969222813011,7.31318312554384e-05,0.549825884423751,0.550112561202272
1e-2 to 0.1,823840,0.543976616654137,0.584679307343588,7.7745837002445e-05,0.584526925503063,0.584831689184113
1e-2 to 0.1,823840,0.575060979686976,0.619076089766811,7.80449923243947e-05,0.618923121581855,0.619229057951767
1e-2 to 0.1,823840,0.606145342719814,0.653087569137045,8.04614595335944e-05,0.652929864676359,0.653245273597731
1e-2 to 0.1,823840,0.637229705752652,0.68667366098232,8.46630067367341e-05,0.686507721489116,0.686839600475524
1e-2 to 0.1,823840,0.668314068785491,0.721346665299367,9.01790903889118e-05,0.721169914282205,0.72152341631653
1e-2 to 0.1,823840,0.699398431818329,0.756169564500633,9.15501578279819e-05,0.75599012619129,0.756349002809976
1e-2 to 0.1,823840,0.730482794851167,0.790564070770571,9.34208035067653e-05,0.790380965995698,0.790747175545444
1e-2 to 0.1,823840,0.761567157884006,0.824730436152812,9.62544131316653e-05,0.824541777503074,0.82491909480255
1e-2 to 0.1,823840,0.792651520916844,0.858209262266244,9.79064515719682e-05,0.858017365621163,0.858401158911325
1e-2 to 0.1,823840,0.823735883949682,0.891703746499799,0.000101951840285863,0.891503920892838,0.891903572106759
1e-2 to 0.1,823840,0.854820246982521,0.925111841175309,0.000110214194039487,0.924895821354992,0.925327860995626
1e-2 to 0.1,823840,0.885904610015359,0.959784464445778,0.000117104757135508,0.959554939121793,0.960013989769764
1e-2 to 0.1,823840,0.916988973048197,0.995475996262016,0.00012076315677549,0.995239300474736,0.995712692049296
1e-2 to 0.1,823840,0.948073336081036,1.03069459611076,0.000124946468209498,1.03044970103306,1.03093949118845
1e-2 to 0.1,823840,0.979157699113874,1.06656733062136,0.000133201226929727,1.06630625621658,1.06682840502614
1e-2 to 0.1,823840,1.01024206214671,1.1022188800624,0.000134544742959407,1.1019551723662,1.1024825877586
1e-2 to 0.1,823840,1.04132642517955,1.13820227541282,0.000145581318850882,1.13791693602787,1.13848761479777
1e-2 to 0.1,823840,1.07241078821239,1.17550958742374,0.000149868913336183,1.1752158443536,1.17580333049388
1e-2 to 0.1,823840,1.10349515124523,1.21092318547901,0.000146461060541619,1.21063612180035,1.21121024915767
1e-2 to 0.1,823840,1.13457951427807,1.24613358955343,0.00015534805775481,1.24582910736023,1.24643807174663
1e-2 to 0.1,823840,1.1656638773109,1.28164933766413,0.000165550039061175,1.28132485958757,1.28197381574069
1e-2 to 0.1,823840,1.19674824034374,1.31772268685428,0.000173295595841749,1.31738302748643,1.31806234622213
1e-2 to 0.1,823840,1.22783260337658,1.35416145453368,0.000177377065480224,1.35381379548534,1.35450911358202
1e-2 to 0.1,823840,1.25891696640942,1.38989471763377,0.00018061391832496,1.38954071435385,1.39024872091369
1e-2 to 0.1,823840,1.29000132944226,1.42654339400565,0.000191030137493996,1.42616897493616,1.42691781307514
1e-2 to 0.1,823840,1.3210856924751,1.46443379896545,0.000214037595568202,1.46401428527814,1.46485331265277
1e-2 to 0.1,823840,1.35217005550793,1.50307435981233,0.000212150271362193,1.50265854528046,1.5034901743442
1e-2 to 0.1,823840,1.38325441854077,1.53981815817296,0.000220097686752349,1.53938676670692,1.54024954963899
1e-2 to 0.1,823840,1.41433878157361,1.57799042120391,0.000235431797171033,1.57752897488146,1.57845186752637
1e-2 to 0.1,823840,1.44542314460645,1.61567646187693,0.000228754400106371,1.61522810325272,1.61612482050114
1e-2 to 0.1,823840,1.47650750763929,1.65101870677391,0.000220034466637969,1.6505874392193,1.65144997432852
1e-2 to 0.1,823840,1.50759187067213,1.68588829395439,0.000241381626615165,1.68541518596622,1.68636140194255
1e-2 to 0.1,823840,1.53867623370497,1.72138056771769,0.00024504716242576,1.72090027527934,1.72186086015605
1e-2 to 0.1,823840,1.5697605967378,1.75612807910253,0.000250627196182854,1.75563684979801,1.75661930840705
1e-2 to 0.1,823840,1.60084495977064,1.7901777727136,0.000241374577226359,1.78970467854223,1.79065086688496
1e-2 to 0.1,823840,1.63192932280348,1.82550207095973,0.000293655586790951,1.82492650600962,1.82607763590984
1e-2 to 0.1,823840,1.66301368583632,1.86227554095549,0.000293398388757071,1.86170048011353,1.86285060179746
1e-2 to 0.1,823840,1.69409804886916,1.90113005134448,0.000333418716733156,1.90047655065968,1.90178355202928
1e-2 to 0.1,823840,1.725182411902,1.94194611464984,0.000353528003834118,1.94125319976232,1.94263902953735
1e-2 to 0.1,823840,1.75626677493483,1.98390787011546,0.000386344762782359,1.98315063438041,1.98466510585052
1e-2 to 0.1,823840,1.78735113796767,2.02650028811161,0.000393205143684158,2.02572960602999,2.02727097019323
1e-2 to 0.1,823840,1.81843550100051,2.06864046259004,0.000411455546871962,2.06783400971817,2.0694469154619
1e-2 to 0.1,823840,1.84951986403335,2.11088356954332,0.000442513805259556,2.11001624248501,2.11175089660163
1e-2 to 0.1,823840,1.88060422706619,2.15550193332853,0.000434289206069271,2.15465072648464,2.15635314017243
1e-2 to 0.1,823840,1.91168859009903,2.19759268723563,0.000471174084572756,2.19666918602987,2.19851618844139
1e-2 to 0.1,823840,1.94277295313186,2.24424692816141,0.000548802349082545,2.24317127555721,2.24532258076561
1e-2 to 0.1,823840,1.9738573161647,2.28946634468497,0.000477594511096799,2.28853025944322,2.29040242992672
1e-2 to 0.1,823840,2.00494167919754,2.33284423866002,0.000488844765315337,2.33188610292,2.33380237440004
1e-2 to 0.1,823840,2.03602604223038,2.37418466651872,0.000563739414549257,2.3730797372662,2.37528959577124
1e-2 to 0.1,823840,2.06711040526322,2.4202941729695,0.000590812999702434,2.41913617949008,2.42145216644891
1e-2 to 0.1,823840,2.09819476829606,2.46239987249647,0.000541924996657849,2.46133769950302,2.46346204548992
1e-2 to 0.1,823840,2.12927913132889,2.5063799073408,0.000609663787704311,2.5051849663169,2.5075748483647
1e-2 to 0.1,823840,2.16036349436173,2.54939798694488,0.00062835819726721,2.54816640487823,2.55062956901152
1e-2 to 0.1,823840,2.19144785739457,2.60064268097621,0.000853854290782626,2.59896912656628,2.60231623538615
1e-2 to 0.1,823840,2.22253222042741,2.65850420483046,0.000832269904300755,2.65687295581803,2.66013545384289
1e-2 to 0.1,823840,2.25361658346025,2.709860188135,0.000793403298887301,2.70830511766918,2.71141525860082
1e-2 to 0.1,823840,2.28470094649309,2.76396250238223,0.00093839648765335,2.76212324526643,2.76580175949803
1e-2 to 0.1,823840,2.31578530952592,2.8223639424047,0.00108051078730383,2.82024614126159,2.82448174354782
1e-2 to 0.1,823840,2.34686967255876,2.88321050858299,0.000866182470372584,2.88151279094106,2.88490822622492
1e-2 to 0.1,823840,2.3779540355916,2.93519238800567,0.00102202922746001,2.93318921071984,2.93719556529149
1e-2 to 0.1,823840,2.40903839862444,2.98924949048612,0.00111287889772847,2.98706824784657,2.99143073312567
1e-2 to 0.1,823840,2.44012276165728,3.04900256594229,0.00117492418241374,3.04669971454476,3.05130541733982
1e-2 to 0.1,823840,2.47120712469012,3.11163211716776,0.00147248980884426,3.10874603714242,3.11451819719309
1e-2 to 0.1,823840,2.50229148772295,3.19531985258092,0.00188410656652157,3.19162700371054,3.19901270145131
1e-2 to 0.1,823840,2.53337585075579,3.279400774478,0.0018595352161767,3.27575608545429,3.2830454635017
1e-2 to 0.1,823840,2.56446021378863,3.35844402006495,0.00158543247284108,3.35533657241818,3.36155146771172
1e-2 to 0.1,823840,2.59554457682147,3.4379382013786,0.00222368672725693,3.43357977539317,3.44229662736402
1e-2 to 0.1,823840,2.62662893985431,3.53538997417187,0.00249908760337395,3.53049176246926,3.54028818587448
1e-2 to 0.1,823840,2.65771330288715,3.63604778745616,0.00285521771692691,3.63045156073098,3.64164401418134
1e-2 to 0.1,823840,2.68879766591998,3.7668932857456,0.00415632482875401,3.75874688908124,3.77503968240996
1e-2 to 0.1,823840,2.71988202895282,3.96230170127973,0.00559985107774381,3.95132599316735,3.9732774093921
1e-2 to 0.1,823840,2.75096639198566,4.13577090000081,0.00398831990785572,4.12795379298141,4.14358800702021
1e-2 to 0.1,823840,2.7820507550185,4.28828203410163,0.0050700682458613,4.27834470033975,4.29821936786352
1e-2 to 0.1,823840,2.81313511805134,4.45043632748344,0.0049260615747976,4.44078124679684,4.46009140817004
1e-2 to 0.1,823840,2.84421948108418,4.6077085500821,0.00537539931641398,4.59717276742193,4.61824433274227
1e-2 to 0.1,823840,2.87530384411702,4.7921924100089,0.00556242311755175,4.7812900606985,4.8030947593193
1e-2 to 0.1,823840,2.90638820714985,4.88591437110142,0.00233346033025831,4.88134078885411,4.89048795334872
1e-2 to 0.1,823840,2.93747257018269,4.96714251387232,0.0043507642019024,4.95861501603659,4.97567001170805
1e-2 to 0.1,823840,2.96855693321553,5.21005606341303,0.0147900737151862,5.18106751893127,5.23904460789479
1e-2 to 0.1,823840,2.99964129624837,5.55277560462772,0.0130657160406239,5.5271668011881,5.57838440806734
1e-2 to 0.1,823840,3.03072565928121,5.7750039622472,0.00841621404425507,5.75850818272046,5.79149974177394
1e-2 to 0.1,823840,3.06181002231405,6.01347493897188,0.0113953355665315,5.99114008126148,6.03580979668228
1e-2 to 0.1,823840,3.09289438534688,6.25528899814826,0.00959860785368048,6.23647572675504,6.27410226954147
1e-2 to 0.1,823840,3.12397874837972,6.63409822193397,0.0231308707290323,6.58876171530507,6.67943472856288
1e-2 to 0.1,823840,3.15506311141256,7.32270238109923,0.0315501011570202,7.26086418283147,7.38454057936699
1e-2 to 0.1,823840,3.1861474744454,7.77966703746244,0.0131311300060299,7.75393002265062,7.80540405227425
1e-2 to 0.1,823840,3.21723183747824,8.10549620434576,0.017262846722647,8.07166102476937,8.13933138392214
1e-2 to 0.1,823840,3.24831620051108,8.49248269499827,0.0195022978765454,8.45425819116024,8.5307071988363
1e-2 to 0.1,823840,3.27940056354391,8.80217641670408,0.0117822878032185,8.77908313260977,8.82526970079839
1e-2 to 0.1,823840,3.31048492657675,8.95450062761082,0.00489297730083122,8.94491039210119,8.96409086312045
1e-2 to 0.1,823840,3.34156928960959,9.06705599977572,0.0138370520152307,9.03993537782587,9.09417662172557
1e-2 to 0.1,823840,3.37265365264243,9.75340953315751,0.0782246201689815,9.60008927762631,9.90672978868871
1e-2 to 0.1,823840,3.40373801567527,11.1874131320412,0.0814194366115917,11.0278310362825,11.3469952278
1e-2 to 0.1,823840,3.43482237870811,12.5611045753589,0.129054661483341,12.3081574388515,12.8140517118662
1e-2 to 0.1,823840,3.46590674174094,14.273016265935,0.0747038759214281,14.126596669129,14.419435862741
1e-2 to 0.1,823840,3.49699110477378,15.4165752058295,0.06805244542117,15.283192412804,15.549957998855
1e-2 to 0.1,823840,3.52807546780662,16.3457731148227,0.0196403085820816,16.3072781100019,16.3842681196436
1e-2 to 0.1,823840,3.55915983083946,17.9944831877386,0.286371220896847,17.4331955947808,18.5557707806964
1e-2 to 0.1,823840,3.5902441938723,21.1835368370077,0.1414701793192,20.9062552855421,21.4608183884733
1e-2 to 0.1,823840,3.62132855690514,21.9875191765241,0.0352324416677112,21.9184635908554,22.0565747621928
1e-2 to 0.1,823840,3.65241291993797,22.3322309534252,0.0413298688411299,22.2512244104966,22.4132374963538
1e-2 to 0.1,823840,3.68349728297081,22.8532842379674,0.0653265043049339,22.7252442895297,22.9813241864051
1e-2 to 0.1,823840,3.71458164600365,23.6148374002629,0.0669263800312658,23.4836616954016,23.7460131051241
1e-2 to 0.1,823840,3.74566600903649,24.9736407110863,0.0922365231646849,24.7928571256835,25.1544242964891
1e-2 to 0.1,823840,3.77675037206933,25.6887975227189,0.0191970995763445,25.6511712075492,25.7264238378885
1e-2 to 0.1,823840,3.80783473510217,25.8975594806173,0.0145879001589171,25.8689671963059,25.9261517649288
1e-2 to 0.1,823840,3.83891909813501,26.7072968113935,0.0307990969796162,26.6469305813134,26.7676630414735
1e-2 to 0.1,823840,3.87000346116784,26.9064684364399,0.0128346480601134,26.881312526242,26.9316243466377
1e-2 to 0.1,823840,3.90108782420068,26.9949428341171,0.0124020631689147,26.970634790306,27.0192508779281
1e-2 to 0.1,823840,3.93217218723352,27.1188359292289,0.028704636632556,27.0625748414291,27.1750970170287
1e-2 to 0.1,823840,3.96325655026636,27.5171931850896,0.104293755582828,27.3127774241473,27.7216089460319
1e-2 to 0.1,823840,3.9943409132992,28.5830446521616,0.233736913738826,28.1249203012335,29.0411690030897
1e-2 to 0.1,823840,4.02542527633204,29.3938153073001,0.0567935751927476,29.2824998999223,29.5051307146779
1e-2 to 0.1,823840,4.05650963936487,29.9278872658476,0.0882370204380785,29.754942705789,30.1008318259063
1e-2 to 0.1,823840,4.08759400239771,30.4419187341613,0.108422125238004,30.2294113686948,30.6544260996278
1e-2 to 0.1,823840,4.11867836543055,31.0083109577174,0.0676065940216794,30.8758020334349,31.1408198819999
1e-2 to 0.1,823840,4.14976272846339,32.7364762216549,0.400598865716791,31.9513024448499,33.5216499984598
1e-2 to 0.1,823840,4.18084709149623,34.6050449491126,0.311033911366444,33.9954184828344,35.2146714153908
1e-2 to 0.1,823840,4.21193145452907,36.158566061964,0.518864389958393,35.1415918576456,37.1755402662825
1e-2 to 0.1,823840,4.2430158175619,42.5624222268161,0.810449821634571,40.9739405764123,44.1509038772198
1e-2 to 0.1,823840,4.27410018059474,46.9985186220714,0.274562512820296,46.4603760969436,47.5366611471992
1e-2 to 0.1,823840,4.30518454362758,52.7173333009694,0.219309385666043,52.2874869050639,53.1471796968748
1e-2 to 0.1,823840,4.33626890666042,55.932385954887,1.89152278605735,52.2250012942146,59.6397706155594
1e-2 to 0.1,823840,4.36735326969326,60.7567038381314,1.71014712721781,57.4048154687845,64.1085922074783
1e-2 to 0.1,823840,4.3984376327261,69.4354063683964,0.752215120449414,67.9610647323156,70.9097480044773
1e-2 to 0.1,823840,4.42952199575893,78.4606213799488,3.49444707390207,71.6115051151007,85.3097376447968
1e-2 to 0.1,823840,4.46060635879177,96.2670503078329,12.2053197912958,72.3446235168931,120.189477098773
1e-2 to 0.1,823840,4.49169072182461,120.856861606767,0.413164107533866,120.047059956,121.666663257533
1e-2 to 0.1,823840,4.52277508485745,128.267224557524,3.81004998448296,120.799526587937,135.73492252711
1e-2 to 0.1,823840,4.55385944789029,141.5667145663,8.39986167821292,125.102985677003,158.030443455597
1e-2 to 0.1,823840,4.58494381092313,152.317854923626,,,
1e-2 to 0.1,823840,4.61602817395596,158.4232755057,4.52364605081706,149.556929246098,167.289621765301
1e-2 to 0.1,823840,4.6471125369888,163.723538195827,,,
1e-2 to 0.1,823840,4.67819690002164,178.818156412055,,,
1e-2 to 0.1,823840,4.70928126305448,179.013676222949,,,
1e-2 to 0.1,823840,4.74036562608732,200.429783691841,1.83461740846089,196.833933571258,204.025633812424
1e-2 to 0.1,823840,4.77144998912016,212.025949097207,,,
1e-2 to 0.1,823840,4.83361871518583,212.244125144328,,,
1e-2 to 0.1,823840,4.86470307821867,212.679853713889,,,
1e-2 to 0.1,823840,4.89578744125151,212.772113295386,,,
1e-2 to 0.1,823840,4.92687180428435,213.106238237942,,,
1e-2 to 0.1,823840,4.98904053035002,213.610833915635,,,
1e-2 to 0.1,823840,5.0512092564157,216.545155139992,,,
1e-2 to 0.1,823840,5.11337798248138,218.52287874528,,,
1e-2 to 0.1,823840,5.17554670854706,241.892790030352,,,
1e-2 to 0.1,823840,5.26879979764557,287.823908740944,,,
1e-2 to 0.1,823840,5.36205288674409,290.632644078974,,,
1e-2 to 0.1,823840,5.51747470190828,294.677780705266,,,
1e-2 to 0.1,823840,5.73506524313815,296.58004425151,,,
1e-2 to 0.1,823840,6.20133068863072,296.705533773838,,,
1e-3 to 1e-2,104993,0.0133075388932454,0.012944143782306,9.46295356009477e-05,0.0127586698925282,0.0131296176720839
1e-3 to 1e-2,104993,0.0399184802562032,0.0396265771636277,0.000105423889607654,0.0394199463399967,0.0398332079872587
1e-3 to 1e-2,104993,0.066529421619161,0.0664364909971197,9.87377214047202e-05,0.0662429650631665,0.0666300169310729
1e-3 to 1e-2,104993,0.0931403629821187,0.0932172775244876,0.000112360377579639,0.0929970511844315,0.0934375038645437
1e-3 to 1e-2,104993,0.119751304345076,0.121199908726593,0.000115334207426879,0.120973853680036,0.121425963773149
1e-3 to 1e-2,104993,0.146362245708034,0.14950232236573,0.000120704505289786,0.149265741535362,0.149738903196098
1e-3 to 1e-2,104993,0.172973187070992,0.177664523687257,0.0001236393438459,0.177422190573319,0.177906856801195
1e-3 to 1e-2,104993,0.19958412843395,0.206299316479652,0.000130606258924423,0.20604332821216,0.206555304747144
1e-3 to 1e-2,104993,0.226195069796907,0.234473371872433,0.000129348167004612,0.234219849465104,0.234726894279762
1e-3 to 1e-2,104993,0.252806011159865,0.263311133779174,0.000140083362428202,0.263036570388815,0.263585697169533
1e-3 to 1e-2,104993,0.279416952522823,0.291708872018956,0.000142375610436916,0.2914298158225,0.291987928215413
1e-3 to 1e-2,104993,0.306027893885781,0.320892965996239,0.000147444109084877,0.320603975542432,0.321181956450045
1e-3 to 1e-2,104993,0.332638835248738,0.349630299131713,0.000152100699590121,0.349332181760516,0.34992841650291
1e-3 to 1e-2,104993,0.359249776611696,0.378164753085732,0.000147829530088953,0.377875007206757,0.378454498964706
1e-3 to 1e-2,104993,0.385860717974654,0.405891018666543,0.000158233461538797,0.405580881081927,0.406201156251159
1e-3 to 1e-2,104993,0.412471659337612,0.435221933979288,0.000173921005182971,0.43488104880913,0.435562819149447
1e-3 to 1e-2,104993,0.439082600700569,0.465246143671869,0.000187841727197647,0.464877973886561,0.465614313457176
1e-3 to 1e-2,104993,0.465693542063527,0.496619789379014,0.000182138064509163,0.496262798772576,0.496976779985452
1e-3 to 1e-2,104993,0.492304483426485,0.52628720393574,0.000202989025452894,0.525889345445853,0.526685062425628
1e-3 to 1e-2,104993,0.518915424789443,0.556729094895531,0.000196557581167486,0.556343842036442,0.557114347754619
1e-3 to 1e-2,104993,0.545526366152401,0.585652084742258,0.000189464940210655,0.585280733459445,0.586023436025071
1e-3 to 1e-2,104993,0.572137307515358,0.615316659977274,0.000213869616825894,0.614897475528295,0.615735844426253
1e-3 to 1e-2,104993,0.598748248878316,0.646574428054056,0.000227753221684498,0.646128031739554,0.647020824368557
1e-3 to 1e-2,104993,0.625359190241274,0.677536666766313,0.000217778930695245,0.67710982006215,0.677963513470476
1e-3 to 1e-2,104993,0.651970131604232,0.706550892062987,0.000219403793212965,0.70612086062829,0.706980923497684
1e-3 to 1e-2,104993,0.678581072967189,0.735903012587665,0.000244044270778149,0.73542468581694,0.73638133935839
1e-3 to 1e-2,104993,0.705192014330147,0.765984329889209,0.000241315418251763,0.765511351669435,0.766457308108982
1e-3 to 1e-2,104993,0.731802955693105,0.79721519666284,0.000277954483900661,0.796670405874394,0.797759987451285
1e-3 to 1e-2,104993,0.758413897056063,0.832088489962877,0.000304767546417034,0.8314911455719,0.832685834353854
1e-3 to 1e-2,104993,0.78502483841902,0.865141571060772,0.000276895147435353,0.864598856571799,0.865684285549745
1e-3 to 1e-2,104993,0.811635779781978,0.897548459486846,0.000306188057822586,0.896948330893514,0.898148588080178
1e-3 to 1e-2,104993,0.838246721144936,0.930022131893131,0.000290138836736165,0.929453459773129,0.930590804013134
1e-3 to 1e-2,104993,0.864857662507894,0.958889418324313,0.000278057606707273,0.958344425415167,0.959434411233459
1e-3 to 1e-2,104993,0.891468603870851,0.987523128778752,0.000297263348007642,0.986940492616658,0.988105764940847
1e-3 to 1e-2,104993,0.918079545233809,1.016514300824,0.000303972432424922,1.01591851485645,1.01711008679156
1e-3 to 1e-2,104993,0.944690486596767,1.04873521949952,0.000363020312612485,1.0480236996868,1.04944673931224
1e-3 to 1e-2,104993,0.971301427959725,1.0823469567866,0.00036729997412304,1.08162704883732,1.08306686473588
1e-3 to 1e-2,104993,0.997912369322682,1.11382471750251,0.000368340262771525,1.11310277058748,1.11454666441754
1e-3 to 1e-2,104993,1.02452331068564,1.14715956446729,0.000385226459654029,1.14640452060637,1.14791460832821
1e-3 to 1e-2,104993,1.0511342520486,1.17881977373597,0.00037087581483551,1.17809285713889,1.17954669033305
1e-3 to 1e-2,104993,1.07774519341156,1.20996309194137,0.000382797296883013,1.20921280923948,1.21071337464326
1e-3 to 1e-2,104993,1.10435613477451,1.24095802793834,0.000404062501204921,1.24016606543598,1.24174999044071
1e-3 to 1e-2,104993,1.13096707613747,1.27222600555016,0.000419575717887538,1.2714036371431,1.27304837395722
1e-3 to 1e-2,104993,1.15757801750043,1.30590404130264,0.00046907260321484,1.30498465900034,1.30682342360494
1e-3 to 1e-2,104993,1.18418895886339,1.33937773064028,0.000481887125736599,1.33843323187383,1.34032222940672
1e-3 to 1e-2,104993,1.21079990022634,1.37366452212338,0.000486032976061268,1.3727118974903,1.37461714675646
1e-3 to 1e-2,104993,1.2374108415893,1.40866816409559,0.000561926647441272,1.40756678786661,1.40976954032458
1e-3 to 1e-2,104993,1.26402178295226,1.44465908718957,0.000562379002298093,1.44355682434507,1.44576135003408
1e-3 to 1e-2,104993,1.29063272431522,1.48031157603941,0.00058963759597198,1.4791558863513,1.48146726572751
1e-3 to 1e-2,104993,1.31724366567818,1.51570007441155,0.000602161034815437,1.51451983878331,1.51688031003979
1e-3 to 1e-2,104993,1.34385460704113,1.55268390212731,0.000620761585414167,1.5514672094199,1.55390059483472
1e-3 to 1e-2,104993,1.37046554840409,1.59292673709678,0.000768002574074562,1.5914214520516,1.59443202214197
1e-3 to 1e-2,104993,1.39707648976705,1.63769358990078,0.000815906129880208,1.63609441388621,1.63929276591535
1e-3 to 1e-2,104993,1.42368743113001,1.67777029778143,0.000612048866902131,1.6765706820023,1.67896991356056
1e-3 to 1e-2,104993,1.45029837249296,1.71238450918495,0.000763480272813446,1.71088808785023,1.71388093051966
1e-3 to 1e-2,104993,1.47690931385592,1.74771435369817,0.00066396398968741,1.74641298427839,1.74901572311796
1e-3 to 1e-2,104993,1.50352025521888,1.78611255598945,0.000862178102522994,1.7844226869085,1.78780242507039
1e-3 to 1e-2,104993,1.53013119658184,1.82971058470521,0.000903857220748312,1.82793902455255,1.83148214485788
1e-3 to 1e-2,104993,1.5567421379448,1.87474210145842,0.000904218069162665,1.87296983404286,1.87651436887398
1e-3 to 1e-2,104993,1.58335307930775,1.9170389665806,0.000911228972962253,1.9152529577936,1.91882497536761
1e-3 to 1e-2,104993,1.60996402067071,1.95822241607447,0.000909307401870032,1.95644017356681,1.96000465858214
1e-3 to 1e-2,104993,1.63657496203367,2.00164431324383,0.00117586563613294,1.99933961659701,2.00394900989065
1e-3 to 1e-2,104993,1.66318590339663,2.04626595880115,0.000979519708951735,2.0443461001716,2.04818581743069
1e-3 to 1e-2,104993,1.68979684475958,2.08950489645572,0.00130017072052535,2.08695656184349,2.09205323106795
1e-3 to 1e-2,104993,1.71640778612254,2.13884499112293,0.00118308799890167,2.13652613864509,2.14116384360078
1e-3 to 1e-2,104993,1.7430187274855,2.18610901858542,0.00140342437566952,2.18335830680911,2.18885973036174
1e-3 to 1e-2,104993,1.76962966884846,2.2321710864866,0.00143714807427823,2.22935427626101,2.23498789671218
1e-3 to 1e-2,104993,1.79624061021141,2.28456757617477,0.00162039086227496,2.28139161008471,2.28774354226482
1e-3 to 1e-2,104993,1.82285155157437,2.34107914758676,0.00177901102809682,2.33759228597169,2.34456600920182
1e-3 to 1e-2,104993,1.84946249293733,2.40005757280004,0.00170630746847685,2.39671321016182,2.40340193543825
1e-3 to 1e-2,104993,1.87607343430029,2.46947416801674,0.00238203374468507,2.46480538187716,2.47414295415633
1e-3 to 1e-2,104993,1.90268437566325,2.52965378919144,0.0016944120745202,2.52633274152538,2.5329748368575
1e-3 to 1e-2,104993,1.9292953170262,2.58411240671594,0.00228779648039188,2.57962832561438,2.58859648781751
1e-3 to 1e-2,104993,1.95590625838916,2.64282443013835,0.00183708862879763,2.6392237364259,2.64642512385079
1e-3 to 1e-2,104993,1.98251719975212,2.70615588718354,0.00254195592026728,2.70117365357982,2.71113812078727
1e-3 to 1e-2,104993,2.00912814111508,2.79761654179106,0.00382080630173052,2.79012776143967,2.80510532214245
1e-3 to 1e-2,104993,2.03573908247803,2.89709433652779,0.00369133882110685,2.88985931243843,2.90432936061716
1e-3 to 1e-2,104993,2.06235002384099,2.98677649714475,0.00291859092769856,2.98105605892646,2.99249693536304
1e-3 to 1e-2,104993,2.08896096520395,3.07527727646843,0.00435410416882302,3.06674323229754,3.08381132063932
1e-3 to 1e-2,104993,2.11557190656691,3.19818062046247,0.00491593943368488,3.18854537917245,3.2078158617525
1e-3 to 1e-2,104993,2.14218284792987,3.29316974150563,0.00354449158991133,3.2862225379894,3.30011694502185
1e-3 to 1e-2,104993,2.16879378929282,3.40220359836364,0.00581566564981915,3.39080489368999,3.41360230303728
1e-3 to 1e-2,104993,2.19540473065578,3.47141201118938,0.00182375145472621,3.46783745833812,3.47498656404064
1e-3 to 1e-2,104993,2.22201567201874,3.52846690645887,0.00354594366678492,3.52151685687197,3.53541695604577
1e-3 to 1e-2,104993,2.2486266133817,3.67014693288186,0.00805105428662023,3.65436686648008,3.68592699928363
1e-3 to 1e-2,104993,2.27523755474465,3.76049863855892,0.00274786864738131,3.75511281601005,3.76588446110779
1e-3 to 1e-2,104993,2.30184849610761,3.84205939254997,0.00519523682994279,3.83187672836328,3.85224205673665
1e-3 to 1e-2,104993,2.32845943747057,3.98645664662184,0.0112085416172701,3.96448790505199,4.00842538819169
1e-3 to 1e-2,104993,2.35507037883353,4.18699404420192,0.011305914763213,4.16483445126602,4.20915363713782
1e-3 to 1e-2,104993,2.38168132019649,4.383238504258,0.0100419620344601,4.36355625867046,4.40292074984554
1e-3 to 1e-2,104993,2.40829226155944,4.59578831738495,0.0168801198998659,4.56270328238122,4.62887335238869
1e-3 to 1e-2,104993,2.4349032029224,4.8491982759885,0.0126908712365549,4.82432416836485,4.87407238361214
1e-3 to 1e-2,104993,2.46151414428536,5.00477282251865,0.00463765758452326,4.99568301365298,5.01386263138431
1e-3 to 1e-2,104993,2.48812508564832,5.07171893253473,0.00460410857972178,5.06269487971847,5.08074298535098
1e-3 to 1e-2,104993,2.51473602701127,5.15070811305179,0.00552786943656183,5.13987348895613,5.16154273714745
1e-3 to 1e-2,104993,2.54134696837423,5.25671316018466,0.00951830066137802,5.23805729088836,5.27536902948096
1e-3 to 1e-2,104993,2.56795790973719,5.33305639388042,0.00163541103255398,5.32985098825661,5.33626179950422
1e-3 to 1e-2,104993,2.59456885110015,5.36796030946537,0.00326105947562474,5.36156863289314,5.37435198603759
1e-3 to 1e-2,104993,2.62117979246311,5.39993648733911,0.00153150831807077,5.39693473103569,5.40293824364253
1e-3 to 1e-2,104993,2.64779073382606,5.43917305981368,0.00500327076474981,5.42936664911477,5.44897947051259
1e-3 to 1e-2,104993,2.67440167518902,5.54886728411753,0.0157106257014566,5.51807445774267,5.57966011049238
1e-3 to 1e-2,104993,2.70101261655198,5.85306471383318,0.0392081732746986,5.77621669421477,5.92991273345158
1e-3 to 1e-2,104993,2.72762355791494,6.11109668562776,0.0102898900398774,6.0909285011496,6.13126487010592
1e-3 to 1e-2,104993,2.75423449927789,6.33412823958389,0.0390223040294411,6.25764452368618,6.41061195548159
1e-3 to 1e-2,104993,2.78084544064085,6.9748193621056,0.0730845212105872,6.83157370053285,7.11806502367835
1e-3 to 1e-2,104993,2.80745638200381,7.53515051630872,0.0634115370535989,7.41086390368367,7.65943712893377
1e-3 to 1e-2,104993,2.83406732336677,8.20058515326953,0.0707565759027441,8.06190226450015,8.33926804203891
1e-3 to 1e-2,104993,2.86067826472973,8.73945946378625,0.0597263178306829,8.62239588083812,8.85652304673439
1e-3 to 1e-2,104993,2.88728920609268,9.1901043180048,0.0380162192419881,9.1155925282905,9.2646161077191
1e-3 to 1e-2,104993,2.91390014745564,9.50584756402779,0.107554482664441,9.29504077800549,9.7166543500501
1e-3 to 1e-2,104993,2.9405110888186,11.2477839299709,0.127974309091982,10.9969542841507,11.4986135757912
1e-3 to 1e-2,104993,2.96712203018156,12.3662200571011,0.0797390786847847,12.2099314628789,12.5225086513233
1e-3 to 1e-2,104993,2.99373297154451,12.9180774474068,0.074164429491805,12.7727151656029,13.0634397292108
1e-3 to 1e-2,104993,3.02034391290747,13.4007509561934,0.0400699355163773,13.3222138825813,13.4792880298055
1e-3 to 1e-2,104993,3.04695485427043,13.7046977615772,0.0570661431045972,13.5928481210922,13.8165474020622
1e-3 to 1e-2,104993,3.07356579563339,14.4075851383918,0.164614251707733,14.0849412050447,14.730229071739
1e-3 to 1e-2,104993,3.10017673699635,15.4998328725122,0.1744024652147,15.1580040406914,15.8416617043331
1e-3 to 1e-2,104993,3.1267876783593,16.9489052162417,0.424674057866277,16.1165440628238,17.7812663696596
1e-3 to 1e-2,104993,3.15339861972226,18.6724646644911,0.186946445007189,18.306049632277,19.0388796967052
1e-3 to 1e-2,104993,3.18000956108522,19.4172468147067,0.0668817672572665,19.2861585508824,19.5483350785309
1e-3 to 1e-2,104993,3.20662050244818,20.3030519634432,0.321666972784463,19.6725846967857,20.9335192301008
1e-3 to 1e-2,104993,3.23323144381113,21.7195512237399,0.13174687568827,21.4613273473909,21.9777751000889
1e-3 to 1e-2,104993,3.25984238517409,23.2056475098515,0.624532976754115,21.9815628754134,24.4297321442896
1e-3 to 1e-2,104993,3.28645332653705,26.2965313185036,0.523657421555346,25.2701627722551,27.3228998647521
1e-3 to 1e-2,104993,3.31306426790001,27.2768298458644,0.191964454273156,26.900579515489,27.6530801762398
1e-3 to 1e-2,104993,3.33967520926297,27.7183784087828,0.0532586629629247,27.6139914293755,27.8227653881901
1e-3 to 1e-2,104993,3.36628615062592,27.8500895623525,0.0240879309362578,27.8028772177174,27.8973019069875
1e-3 to 1e-2,104993,3.39289709198888,27.9104726210095,0.0179135199398991,27.8753621219273,27.9455831200917
1e-3 to 1e-2,104993,3.41950803335184,27.9552643467292,0.000195892878375403,27.9548803966876,27.9556482967708
1e-3 to 1e-2,104993,3.4461189747148,27.9962260750052,0.0159757414615564,27.9649136217405,28.0275385282698
1e-3 to 1e-2,104993,3.47272991607775,28.0353642647594,0.0111176537956474,28.0135736633199,28.0571548661988
1e-3 to 1e-2,104993,3.49934085744071,28.0802944780229,0.000104498193042701,28.0800896615645,28.0804992944812
1e-3 to 1e-2,104993,3.52595179880367,28.0863456983471,0.000741750476844771,28.0848918674124,28.0877995292817
1e-3 to 1e-2,104993,3.55256274016663,28.103859748558,,,
1e-3 to 1e-2,104993,3.57917368152958,28.1607676710242,0.0489471649425415,28.0648312277368,28.2567041143116
1e-3 to 1e-2,104993,3.60578462289254,28.2929829550457,0.00856850693893385,28.2761886814454,28.3097772286461
1e-3 to 1e-2,104993,3.6323955642555,28.4049449102407,,,
1e-3 to 1e-2,104993,3.65900650561846,28.4818780963753,0.0213305879247088,28.4400701440428,28.5236860487077
1e-3 to 1e-2,104993,3.68561744698142,29.3147062186132,,,
1e-3 to 1e-2,104993,3.71222838834437,37.4680104485875,,,
1e-3 to 1e-2,104993,3.73883932970733,38.0674247765017,,,
1e-3 to 1e-2,104993,3.76545027107029,55.368957422384,0.0513732840613166,55.2682657856238,55.4696490591442
1e-3 to 1e-2,104993,3.79206121243325,58.6689778289582,,,
1e-3 to 1e-2,104993,3.8186721537962,66.7682756166715,,,
1e-3 to 1e-2,104993,3.87189403652212,66.9132843360551,,,
1e-3 to 1e-2,104993,3.89850497788508,67.4262004177843,,,
1e-3 to 1e-2,104993,3.92511591924804,69.8955128886876,,,
1e-3 to 1e-2,104993,3.95172686061099,70.8900841369762,,,
1e-3 to 1e-2,104993,4.00494874333691,79.5231683714878,,,
1e-3 to 1e-2,104993,4.03155968469987,98.1655792963185,,,
1e-3 to 1e-2,104993,4.08478156742578,108.045757490561,,,
1e-3 to 1e-2,104993,4.1380034501517,108.542118103266,,,
1e-3 to 1e-2,104993,4.21783627424057,109.782516055786,,,
1e-3 to 1e-2,104993,4.27105815696649,126.264401100302,,,
1e-3 to 1e-2,104993,4.37750192241832,144.401209493237,,,
1e-3 to 1e-2,104993,4.48394568787015,152.636388020108,,,
1e-3 to 1e-2,104993,4.61700039468494,162.844663962535,,,
1e-3 to 1e-2,104993,4.85649886695156,178.525783735924,,,
1e-3 to 1e-2,104993,5.30888487012184,307.777594305197,,,
1e-4 to 1e-3,18241,0.0114170713489898,0.0123727015472269,0.000247858129464135,0.0118868996134772,0.0128585034809766
1e-4 to 1e-3,18241,0.0342274050214671,0.0420960286267955,0.000307343640045369,0.0414936350923066,0.0426984221612844
1e-4 to 1e-3,18241,0.0570377386939443,0.0707063548942194,0.000277953232071748,0.0701615665593588,0.0712511432290801
1e-4 to 1e-3,18241,0.0798480723664216,0.0987728020529944,0.000301814097576637,0.0981812464217442,0.0993643576842446
1e-4 to 1e-3,18241,0.102658406038899,0.128573470484342,0.000304950688571629,0.127975767134742,0.129171173833943
1e-4 to 1e-3,18241,0.125468739711376,0.159569393709993,0.000329202466492912,0.158924156875667,0.160214630544319
1e-4 to 1e-3,18241,0.148279073383853,0.189988425977951,0.000339508430157611,0.189322989454842,0.190653862501059
1e-4 to 1e-3,18241,0.171089407056331,0.218805204253939,0.00030412945215098,0.218209110527723,0.219401297980155
1e-4 to 1e-3,18241,0.193899740728808,0.243555381968346,0.000258992230827663,0.243047757195924,0.244063006740768
1e-4 to 1e-3,18241,0.216710074401285,0.263513148915339,0.000239857721400607,0.263043027781394,0.263983270049284
1e-4 to 1e-3,18241,0.239520408073762,0.286821682190705,0.000293123481041837,0.286247160167863,0.287396204213547
1e-4 to 1e-3,18241,0.26233074174624,0.310007665944219,0.000289601206599127,0.309440047579284,0.310575284309153
1e-4 to 1e-3,18241,0.285141075418717,0.336257387289191,0.00038266945526633,0.335507355156869,0.337007419421512
1e-4 to 1e-3,18241,0.307951409091194,0.365032994216747,0.000406631097435803,0.364235997265773,0.365829991167721
1e-4 to 1e-3,18241,0.330761742763672,0.393920197095061,0.000356455704621902,0.393221543914002,0.39461885027612
1e-4 to 1e-3,18241,0.353572076436149,0.423637253242862,0.000457751064203916,0.422740061157023,0.424534445328702
1e-4 to 1e-3,18241,0.376382410108626,0.455771712691404,0.000463946648698089,0.454862377259956,0.456681048122853
1e-4 to 1e-3,18241,0.399192743781103,0.486664523074012,0.000441318524987391,0.485799538765037,0.487529507382988
1e-4 to 1e-3,18241,0.422003077453581,0.515247458648114,0.000439456032125901,0.514386124825147,0.51610879247108
1e-4 to 1e-3,18241,0.444813411126058,0.544390737006061,0.000470778616265584,0.54346801091818,0.545313463093941
1e-4 to 1e-3,18241,0.467623744798535,0.573778340933662,0.000466718323681758,0.572863573019246,0.574693108848078
1e-4 to 1e-3,18241,0.490434078471013,0.604007733774917,0.000555604240533614,0.602918749463471,0.605096718086363
1e-4 to 1e-3,18241,0.51324441214349,0.633665782174819,0.000448267507858496,0.632787177859417,0.634544386490222
1e-4 to 1e-3,18241,0.536054745815967,0.660848767963879,0.000511207412786691,0.659846801434817,0.661850734492941
1e-4 to 1e-3,18241,0.558865079488444,0.691213449679356,0.000524718106874487,0.690185002189883,0.69224189716883
1e-4 to 1e-3,18241,0.581675413160922,0.721877959621952,0.000601069540657646,0.720699863322263,0.723056055921641
1e-4 to 1e-3,18241,0.604485746833399,0.74904392098809,0.000425124051100286,0.748210677847934,0.749877164128247
1e-4 to 1e-3,18241,0.627296080505876,0.776077381788905,0.000554100581965205,0.774991344648254,0.777163418929557
1e-4 to 1e-3,18241,0.650106414178353,0.805554125930728,0.000637521893379264,0.804304583019705,0.806803668841751
1e-4 to 1e-3,18241,0.672916747850831,0.835204526522844,0.000507466368007107,0.83420989244155,0.836199160604138
1e-4 to 1e-3,18241,0.695727081523308,0.865767512672183,0.000736218602406706,0.864324524211466,0.8672105011329
1e-4 to 1e-3,18241,0.718537415195785,0.901061456868371,0.000685411750564682,0.899718049837265,0.902404863899478
1e-4 to 1e-3,18241,0.741347748868263,0.932729080068221,0.000779152879421516,0.931201940424555,0.934256219711888
1e-4 to 1e-3,18241,0.76415808254074,0.976178635210013,0.00106369049133724,0.974093801846992,0.978263468573034
1e-4 to 1e-3,18241,0.786968416213217,1.02097915233266,0.00103748937507924,1.01894567315751,1.02301263150782
1e-4 to 1e-3,18241,0.809778749885694,1.05848963158238,0.00078562812696744,1.05694980045352,1.06002946271124
1e-4 to 1e-3,18241,0.832589083558172,1.08639393366844,0.000681371050606333,1.08505844640926,1.08772942092763
1e-4 to 1e-3,18241,0.855399417230649,1.11021165849814,0.000494680568456864,1.10924208458396,1.11118123241231
1e-4 to 1e-3,18241,0.878209750903126,1.1279539473692,0.000500753099135043,1.12697247129489,1.1289354234435
1e-4 to 1e-3,18241,0.901020084575603,1.15111539686999,0.000626778295525156,1.14988691141076,1.15234388232922
1e-4 to 1e-3,18241,0.92383041824808,1.1758398203624,0.000775903799901591,1.17431904891459,1.17736059181021
1e-4 to 1e-3,18241,0.946640751920558,1.20923578847764,0.000946824409188481,1.20738001263563,1.21109156431965
1e-4 to 1e-3,18241,0.969451085593035,1.24274638621311,0.000846034097243696,1.24108815938251,1.24440461304371
1e-4 to 1e-3,18241,0.992261419265512,1.27105124366699,0.000986700084507506,1.26911731150136,1.27298517583263
1e-4 to 1e-3,18241,1.01507175293799,1.30979873142521,0.00125361391315526,1.30734164815542,1.31225581469499
1e-4 to 1e-3,18241,1.03788208661047,1.35310919481283,0.00133983258307877,1.35048312295,1.35573526667566
1e-4 to 1e-3,18241,1.06069242028294,1.39383290802706,0.00122963202181642,1.3914228292643,1.39624298678982
1e-4 to 1e-3,18241,1.08350275395542,1.43815440046512,0.00150848209168183,1.43519777556542,1.44111102536482
1e-4 to 1e-3,18241,1.1063130876279,1.49493720802432,0.00246416902345583,1.49010743673834,1.49976697931029
1e-4 to 1e-3,18241,1.12912342130038,1.56084079114435,0.00273198284105578,1.55548610477588,1.56619547751282
1e-4 to 1e-3,18241,1.15193375497285,1.63656341721653,0.00228615612104672,1.63208255121928,1.64104428321378
1e-4 to 1e-3,18241,1.17474408864533,1.72002928149304,0.00280550870914245,1.71453048442312,1.72552807856296
1e-4 to 1e-3,18241,1.19755442231781,1.78891073685266,0.00246989828531404,1.78406973621344,1.79375173749187
1e-4 to 1e-3,18241,1.22036475599029,1.85426682029132,0.00249523489348472,1.84937615990009,1.85915748068255
1e-4 to 1e-3,18241,1.24317508966276,1.92942853607273,0.0028718466428595,1.92379971665273,1.93505735549274
1e-4 to 1e-3,18241,1.26598542333524,1.98144509171731,0.00193020529212895,1.97766188934473,1.98522829408988
1e-4 to 1e-3,18241,1.28879575700772,2.03576962738135,0.00388419869826899,2.02815659793274,2.04338265682995
1e-4 to 1e-3,18241,1.31160609068019,2.12384162142777,0.00428293689400786,2.11544706511551,2.13223617774002
1e-4 to 1e-3,18241,1.33441642435267,2.22204169381568,0.00363149800468211,2.2149239577265,2.22915942990486
1e-4 to 1e-3,18241,1.35722675802515,2.34351847289099,0.00686338545035252,2.3300662374083,2.35697070837368
1e-4 to 1e-3,18241,1.38003709169763,2.53981318518942,0.0116123272641661,2.51705302375165,2.56257334662718
1e-4 to 1e-3,18241,1.4028474253701,2.73815327607726,0.00860701054346817,2.72128353541207,2.75502301674246
1e-4 to 1e-3,18241,1.42565775904258,2.88589385587359,0.0105051268828698,2.86530380718316,2.90648390456401
1e-4 to 1e-3,18241,1.44846809271506,3.09277348371853,0.0099783808463855,3.07321585725961,3.11233111017744
1e-4 to 1e-3,18241,1.47127842638754,3.27866233846349,0.00847745657617443,3.26204652357419,3.29527815335279
1e-4 to 1e-3,18241,1.49408876006001,3.5261822943796,0.0149822913151266,3.49681700340195,3.55554758535725
1e-4 to 1e-3,18241,1.51689909373249,3.85724392938025,0.0185583692628545,3.82086952562505,3.89361833313544
1e-4 to 1e-3,18241,1.53970942740497,4.10898506212014,0.0069079961796693,4.09544538960798,4.12252473463229
1e-4 to 1e-3,18241,1.56251976107744,4.23758699416396,0.00651357564173512,4.22482038590616,4.25035360242176
1e-4 to 1e-3,18241,1.58533009474992,4.38206968671776,0.0163485927679598,4.35002644489256,4.41411292854296
1e-4 to 1e-3,18241,1.6081404284224,4.82737225502363,0.0433310664916196,4.74244336470005,4.9123011453472
1e-4 to 1e-3,18241,1.63095076209488,5.5670232979175,0.036754664589794,5.49498415532151,5.6390624405135
1e-4 to 1e-3,18241,1.65376109576735,5.8427941732601,0.00154857444865529,5.83975896734073,5.84582937917946
1e-4 to 1e-3,18241,1.67657142943983,5.85057267555425,0.000580590012812708,5.84943471912914,5.85171063197936
1e-4 to 1e-3,18241,1.69938176311231,6.06644722373074,0.0453542675496187,5.97755285933349,6.155341588128
1e-4 to 1e-3,18241,1.72219209678479,7.18160406209851,0.128210122308846,6.93031222237317,7.43289590182385
1e-4 to 1e-3,18241,1.74500243045726,9.60495667003155,0.0683393538598725,9.4710115364662,9.7389018035969
1e-4 to 1e-3,18241,1.76781276412974,10.0115861123502,0.017257394149051,9.97776161981805,10.0454106048823
1e-4 to 1e-3,18241,1.79062309780222,10.1992788900945,0.0142831646296187,10.1712838874205,10.2272738927686
1e-4 to 1e-3,18241,1.81343343147469,10.3462359897086,0.0121973335098028,10.3223292160294,10.3701427633879
1e-4 to 1e-3,18241,1.83624376514717,10.4779109215258,0.0147773756968595,10.4489472651599,10.5068745778916
1e-4 to 1e-3,18241,1.85905409881965,10.7472515556351,0.0354339663786837,10.6778009815329,10.8167021297373
1e-4 to 1e-3,18241,1.88186443249213,10.9583287637687,0.00360616954625818,10.951260671458,10.9653968560793
1e-4 to 1e-3,18241,1.9046747661646,11.0400037565669,0.0120076128256533,11.0164688354286,11.0635386777051
1e-4 to 1e-3,18241,1.92748509983708,11.2100643077657,0.0133112199620266,11.1839743166401,11.2361542988913
1e-4 to 1e-3,18241,1.95029543350956,11.443376328313,0.0309679765937593,11.3826790941892,11.5040735624368
1e-4 to 1e-3,18241,1.97310576718204,11.8049270988582,0.0125558327292148,11.780317666709,11.8295365310075
1e-4 to 1e-3,18241,1.99591610085451,11.9557805491696,0.0193303262056421,11.9178931098065,11.9936679885327
1e-4 to 1e-3,18241,2.01872643452699,12.0522702693743,0.00459721904043039,12.0432597200551,12.0612808186936
1e-4 to 1e-3,18241,2.04153676819947,12.0945106834282,0.00388265155380832,12.0869006863827,12.1021206804737
1e-4 to 1e-3,18241,2.06434710187194,12.1526391371999,0.00538978920746218,12.1420751503532,12.1632031240465
1e-4 to 1e-3,18241,2.08715743554442,12.1925775358015,0.00345431227641682,12.1858070837398,12.1993479878633
1e-4 to 1e-3,18241,2.1099677692169,12.2504256259918,0.0104791017050975,12.2298865866498,12.2709646653338
1e-4 to 1e-3,18241,2.13277810288938,12.3027557776081,0.00536458728818274,12.2922411865232,12.3132703686929
1e-4 to 1e-3,18241,2.15558843656185,12.3697898127393,0.00708773202445916,12.3558978579714,12.3836817675073
1e-4 to 1e-3,18241,2.17839877023433,12.4128549894876,0.00606115961497414,12.4009751166422,12.4247348623329
1e-4 to 1e-3,18241,2.20120910390681,12.459941272918,0.00658338708470878,12.447037834232,12.4728447116041
1e-4 to 1e-3,18241,2.22401943757929,12.4946918213137,0.003441267970377,12.4879469360917,12.5014367065356
1e-4 to 1e-3,18241,2.24682977125176,12.5283102336917,0.00819490936656336,12.5122482113333,12.5443722560502
1e-4 to 1e-3,18241,2.26964010492424,12.5965713888664,0.0112602488014674,12.5745013012155,12.6186414765173
1e-4 to 1e-3,18241,2.29245043859672,12.8418969022497,0.0662083944782272,12.7121284490724,12.971665355427
1e-4 to 1e-3,18241,2.31526077226919,14.4900110528169,0.36738522610585,13.7699360096494,15.2100860959844
1e-4 to 1e-3,18241,2.33807110594167,16.7396995471884,0.273353454749217,16.2039267758799,17.2754723184968
1e-4 to 1e-3,18241,2.36088143961415,18.2030877807448,0.198157108416076,17.8146998482493,18.5914757132403
1e-4 to 1e-3,18241,2.38369177328663,19.0820121582824,0.138459833795789,18.8106308840426,19.3533934325221
1e-4 to 1e-3,18241,2.4065021069591,19.9568771312324,0.131787542468196,19.6985735479947,20.2151807144701
1e-4 to 1e-3,18241,2.42931244063158,21.2397095164417,0.586434798910763,20.0902973105766,22.3891217223068
1e-4 to 1e-3,18241,2.45212277430406,24.1042505857957,0.686418441658496,22.758870440145,25.4496307314463
1e-4 to 1e-3,18241,2.47493310797654,26.0494823217387,0.329664290063924,25.4033403132134,26.695624330264
1e-4 to 1e-3,18241,2.49774344164901,27.8469059776269,0.325538684126122,27.2088501567397,28.4849617985141
1e-4 to 1e-3,18241,2.52055377532149,28.4246065879675,0.0217530758011701,28.3819705593972,28.4672426165378
1e-4 to 1e-3,18241,2.54336410899397,28.5029566271992,0.0262157564791335,28.4515737445001,28.5543395098984
1e-4 to 1e-3,18241,2.56617444266644,28.5727693438874,0.00800267178331034,28.5570841071921,28.5884545805827
1e-4 to 1e-3,18241,2.58898477633892,28.5981975359214,0.00998554046531019,28.5786258766094,28.6177691952335
1e-4 to 1e-3,18241,2.6117951100114,28.626712455066,0.0114068706383448,28.6043549886148,28.6490699215171
1e-4 to 1e-3,18241,2.63460544368388,28.7153431903654,0.0139779734898635,28.6879463623253,28.7427400184056
1e-4 to 1e-3,18241,2.65741577735635,28.9852149810529,0.074766863939395,28.8386719277317,29.1317580343742
1e-4 to 1e-3,18241,2.68022611102883,30.2708288614191,0.31536862181153,29.6527063626685,30.8889513601697
1e-4 to 1e-3,18241,2.70303644470131,32.1280194645059,0.392837287515462,31.3580583809756,32.8979805480362
1e-4 to 1e-3,18241,2.72584677837379,33.13266371907,0.00940101621061728,33.1142377272971,33.1510897108428
1e-4 to 1e-3,18241,2.74865711204626,38.9507819773298,,,
1e-4 to 1e-3,18241,2.77146744571874,39.5113611734391,0.0151518564963062,39.4816635347064,39.5410588121719
1e-4 to 1e-3,18241,2.79427777939122,39.7194216296319,,,
1e-4 to 1e-3,18241,2.81708811306369,44.1325800150097,1.99357645176688,40.2251701695466,48.0399898604728
1e-4 to 1e-3,18241,2.83989844673617,65.3786159715184,,,
1e-4 to 1e-3,18241,2.86270878040865,72.0143056617962,0.566730507500232,70.9035138670957,73.1250974564966
1e-4 to 1e-3,18241,2.88551911408113,74.6899442622491,,,
1e-4 to 1e-3,18241,2.9083294477536,83.2057211342786,,,
1e-4 to 1e-3,18241,2.93113978142608,83.2793446434483,,,
1e-4 to 1e-3,18241,2.95395011509856,101.350665141288,,,
1e-4 to 1e-3,18241,2.97676044877104,105.242603971207,,,
1e-4 to 1e-3,18241,2.99957078244351,109.497572880016,,,
1e-4 to 1e-3,18241,3.02238111611599,110.850780887345,,,
1e-4 to 1e-3,18241,3.04519144978847,111.469800301797,,,
1e-4 to 1e-3,18241,3.06800178346094,112.264401100302,,,
1e-4 to 1e-3,18241,3.09081211713342,112.869666231505,,,
1e-4 to 1e-3,18241,3.13643278447838,112.931814138254,,,
1e-4 to 1e-3,18241,3.15924311815085,113.790484985457,,,
1e-4 to 1e-3,18241,3.20486378549581,126.351639989019,,,
1e-4 to 1e-3,18241,3.25048445284076,126.514278573518,,,
1e-4 to 1e-3,18241,3.27329478651324,129.408935392974,,,
1e-4 to 1e-3,18241,3.34172578753067,130.068033885272,,,
1e-4 to 1e-3,18241,3.38734645487563,130.47366072261,,,
1e-4 to 1e-3,18241,3.45577745589306,229.216811308925,,,
1e-4 to 1e-3,18241,3.52420845691049,287.931814138254,,,
1e-4 to 1e-3,18241,3.6154497916004,294.167491087294,,,
1e-4 to 1e-3,18241,3.70669112629031,307.777594305197,,,
1e-4 to 1e-3,18241,3.86636346199765,307.777594305197,,,
1e-4 to 1e-3,18241,4.09446679872242,307.777594305197,,,
1e-4 to 1e-3,18241,4.55067347217197,307.777594305197,,,
P < 1e-4,12822,0.0110393579313898,0.0101916192922211,0.000231334938949745,0.00973820281187957,0.0106450357725626
P < 1e-4,12822,0.0330842020931959,0.0320375268154079,0.000295209601130831,0.0314589159971915,0.0326161376336244
P < 1e-4,12822,0.0551290462550019,0.0592158623250349,0.000336282977016203,0.0585567476900831,0.0598749769599867
P < 1e-4,12822,0.077173890416808,0.0851787287990814,0.000285148181833066,0.0846198383626886,0.0857376192354742
P < 1e-4,12822,0.099218734578614,0.107347584713874,0.000293041774337561,0.106773222836172,0.107921946591575
P < 1e-4,12822,0.12126357874042,0.131276139628371,0.000324949204845602,0.130639239186874,0.131913040069869
P < 1e-4,12822,0.143308422902226,0.156307942143947,0.000326025252469103,0.155668932649108,0.156946951638787
P < 1e-4,12822,0.165353267064032,0.18054091951439,0.000357289657186596,0.179840631786304,0.181241207242476
P < 1e-4,12822,0.187398111225838,0.208289647455995,0.000370998480697955,0.207562490433827,0.209016804478163
P < 1e-4,12822,0.209442955387644,0.234191740576967,0.000359937197717436,0.233486263669441,0.234897217484493
P < 1e-4,12822,0.23148779954945,0.261027297516368,0.000380557991238568,0.260281403853541,0.261773191179196
P < 1e-4,12822,0.253532643711256,0.285180933725353,0.00039337282854784,0.284409922981399,0.285951944469307
P < 1e-4,12822,0.275577487873062,0.311464018534126,0.000374729295742549,0.31072954911447,0.312198487953781
P < 1e-4,12822,0.297622332034868,0.3370494449569,0.000446152533294769,0.336174985991643,0.337923903922158
P < 1e-4,12822,0.319667176196674,0.368461376894976,0.000578538896953663,0.367327440656947,0.369595313133005
P < 1e-4,12822,0.34171202035848,0.403501433586152,0.000574886678190495,0.402374655696899,0.404628211475405
P < 1e-4,12822,0.363756864520286,0.440200589659348,0.000651784180479423,0.438923092665609,0.441478086653088
P < 1e-4,12822,0.385801708682093,0.473992185439108,0.000507496740019626,0.47299749182867,0.474986879049546
P < 1e-4,12822,0.407846552843899,0.504676060502033,0.000599399874675513,0.503501236747669,0.505850884256397
P < 1e-4,12822,0.429891397005705,0.537529610364477,0.00057656870232534,0.53639953570792,0.538659685021035
P < 1e-4,12822,0.451936241167511,0.570207584914722,0.000692320287182742,0.568850637151844,0.5715645326776
P < 1e-4,12822,0.473981085329317,0.6090734346161,0.000737783646418764,0.607627378669119,0.610519490563081
P < 1e-4,12822,0.496025929491123,0.647527208642503,0.000818302400368853,0.64592333593778,0.649131081347226
P < 1e-4,12822,0.518070773652929,0.688997315662929,0.00089837068402073,0.687236509122249,0.69075812220361
P < 1e-4,12822,0.540115617814735,0.729737785645151,0.000825114103464466,0.728120562002361,0.731355009287941
P < 1e-4,12822,0.562160461976541,0.77475271214074,0.00105005068266567,0.772694612802716,0.776810811478765
P < 1e-4,12822,0.584205306138347,0.81990643898514,0.000976851768367619,0.817991809519139,0.82182106845114
P < 1e-4,12822,0.606250150300153,0.860054832887052,0.000863207421804465,0.858362946340315,0.861746719433789
P < 1e-4,12822,0.628294994461959,0.899414337023155,0.000797751994455513,0.897850743114022,0.900977930932288
P < 1e-4,12822,0.650339838623765,0.933466282226963,0.000905632299197881,0.931691242920536,0.935241321533391
P < 1e-4,12822,0.672384682785571,0.972589629093762,0.00102838883749566,0.970573986972271,0.974605271215254
P < 1e-4,12822,0.694429526947377,1.01588351884128,0.00114191236511529,1.01364537060565,1.0181216670769
P < 1e-4,12822,0.716474371109183,1.06783969669099,0.00142840335403078,1.06504002611709,1.07063936726489
P < 1e-4,12822,0.738519215270989,1.12159474530875,0.00134435487338816,1.11895980975691,1.12422968086059
P < 1e-4,12822,0.760564059432795,1.17449989625842,0.0014559897801301,1.17164615628937,1.17735363622748
P < 1e-4,12822,0.782608903594601,1.22718085772558,0.00143424177010813,1.22436974385617,1.22999197159499
P < 1e-4,12822,0.804653747756407,1.27667243588735,0.00137254480818622,1.2739822480633,1.27936262371139
P < 1e-4,12822,0.826698591918213,1.3272752226832,0.00177514518575853,1.32379593811912,1.33075450724729
P < 1e-4,12822,0.848743436080019,1.3841224474912,0.00167062260372654,1.3808480271879,1.38739686779451
P < 1e-4,12822,0.870788280241825,1.44243210073591,0.00165034609866083,1.43919742238254,1.44566677908929
P < 1e-4,12822,0.892833124403632,1.50693179059009,0.00268587512894063,1.50166747533737,1.51219610584281
P < 1e-4,12822,0.914877968565438,1.58610700775098,0.00237024370268413,1.58146133009372,1.59075268540824
P < 1e-4,12822,0.936922812727244,1.66814901365585,0.00251237699062085,1.66322475475423,1.67307327255746
P < 1e-4,12822,0.95896765688905,1.77065811670832,0.0047027969160726,1.76144063475282,1.77987559866382
P < 1e-4,12822,0.981012501050856,1.88720389944529,0.00392391690394622,1.87951302231355,1.89489477657702
P < 1e-4,12822,1.00305734521266,2.00648326961301,0.00421740767338955,1.99821715057316,2.01474938865285
P < 1e-4,12822,1.02510218937447,2.09395324027245,0.00262474763848236,2.08880873490102,2.09909774564387
P < 1e-4,12822,1.04714703353627,2.14660828711932,0.00115874772592862,2.1443371415765,2.14887943266214
P < 1e-4,12822,1.06919187769808,2.18416890950434,0.00222961885234034,2.17979885655375,2.18853896245493
P < 1e-4,12822,1.09123672185989,2.23375633992271,0.00159586093092462,2.2306284524981,2.23688422734732
P < 1e-4,12822,1.11328156602169,2.26871612092748,0.00155323375006538,2.26567178277735,2.27176045907761
P < 1e-4,12822,1.1353264101835,2.33117267019632,0.00353939231811573,2.32423546125281,2.33810987913983
P < 1e-4,12822,1.1573712543453,2.39299034909077,0.00243132412155121,2.38822495381253,2.39775574436901
P < 1e-4,12822,1.17941609850711,2.45785762952778,0.0026018727796202,2.45275795887973,2.46295730017584
P < 1e-4,12822,1.20146094266892,2.51031598296199,0.00276942241197186,2.50488791503453,2.51574405088945
P < 1e-4,12822,1.22350578683072,2.64931297799563,0.00885126501752269,2.63196449856129,2.66666145742998
P < 1e-4,12822,1.24555063099253,2.85534181725457,0.0129677310409855,2.82992506441424,2.8807585700949
P < 1e-4,12822,1.26759547515433,3.02065531440313,0.00598899066989065,3.00891689269014,3.03239373611611
P < 1e-4,12822,1.28964031931614,3.16377278574271,0.00687513807982712,3.15029751510625,3.17724805637917
P < 1e-4,12822,1.31168516347795,3.27275613203598,0.00498400159223642,3.2629874889152,3.28252477515676
P < 1e-4,12822,1.33373000763975,3.40612708065462,0.00664831297576789,3.39309638722211,3.41915777408712
P < 1e-4,12822,1.35577485180156,3.49082288817295,0.00455088240401932,3.48190315866107,3.49974261768482
P < 1e-4,12822,1.37781969596336,3.60111661170711,0.00985760324140585,3.58179570935396,3.62043751406027
P < 1e-4,12822,1.39986454012517,3.76823318337384,0.00900118651652494,3.75059085780145,3.78587550894623
P < 1e-4,12822,1.42190938428698,3.8797955632941,0.00562937994352824,3.86876197860479,3.89082914798342
P < 1e-4,12822,1.44395422844878,4.01566855449499,0.0115015802612965,3.99312545718285,4.03821165180713
P < 1e-4,12822,1.46599907261059,4.15508399192872,0.00713929599712571,4.14109097177435,4.16907701208308
P < 1e-4,12822,1.48804391677239,4.27405298110567,0.00730292583620814,4.25973924646671,4.28836671574464
P < 1e-4,12822,1.5100887609342,4.36580748457893,0.00320087198967712,4.35953377547916,4.3720811936787
P < 1e-4,12822,1.53213360509601,4.4205041497719,0.00416586782150354,4.41233904884175,4.42866925070205
P < 1e-4,12822,1.55417844925781,4.4696894346488,0.00373133449973207,4.46237601902933,4.47700285026828
P < 1e-4,12822,1.57622329341962,4.50535458737887,0.00334352791476427,4.49880127266593,4.51190790209181
P < 1e-4,12822,1.59826813758143,4.55842252439121,0.00422994442185157,4.55013183332438,4.56671321545804
P < 1e-4,12822,1.62031298174323,4.60514831984233,0.00358141104095218,4.59812875420206,4.61216788548259
P < 1e-4,12822,1.64235782590504,4.6574263196944,0.0042867245228061,4.6490243396297,4.66582829975909
P < 1e-4,12822,1.66440267006684,4.71757211791199,0.00607524667084314,4.70566463443714,4.72947960138684
P < 1e-4,12822,1.68644751422865,4.77999005186544,0.00391543833821589,4.77231579272254,4.78766431100834
P < 1e-4,12822,1.70849235839046,4.8324369125567,0.00368592585684335,4.82521249787729,4.83966132723612
P < 1e-4,12822,1.73053720255226,4.89025933714131,0.00823219253984153,4.87412423976323,4.9063944345194
P < 1e-4,12822,1.75258204671407,4.98148769379737,0.00800142610805611,4.96580489862558,4.99717048896916
P < 1e-4,12822,1.77462689087587,5.06197835532409,0.00853101867916418,5.04525755871293,5.07869915193526
P < 1e-4,12822,1.79667173503768,5.16338058242577,0.0114774581588141,5.1408847644345,5.18587640041705
P < 1e-4,12822,1.81871657919949,5.28422975122319,0.0113623875531741,5.26195947161897,5.30650003082741
P < 1e-4,12822,1.84076142336129,5.35870055819935,0.00786823944800088,5.34327880888127,5.37412230751744
P < 1e-4,12822,1.8628062675231,5.41066803748123,0.0053422096256582,5.40019730661494,5.42113876834752
P < 1e-4,12822,1.8848511116849,5.5027782054407,0.00388403697072575,5.49516549297807,5.51039091790332
P < 1e-4,12822,1.90689595584671,5.54641929292524,0.00771384508189535,5.53130015656472,5.56153842928575
P < 1e-4,12822,1.92894080000852,5.6003393954713,0.00795305376643247,5.58475141008909,5.61592738085351
P < 1e-4,12822,1.95098564417032,5.63605332799846,0.00144060381705119,5.63322974451704,5.63887691147988
P < 1e-4,12822,1.97303048833213,5.66068661776653,0.00572113904297014,5.64947318524231,5.67190005029076
P < 1e-4,12822,1.99507533249393,5.70968969303828,0.00327837872350426,5.70326407074021,5.71611531533634
P < 1e-4,12822,2.01712017665574,5.74013257009631,0.0065343896493091,5.72732516638367,5.75293997380896
P < 1e-4,12822,2.03916502081755,5.81160198820505,0.0118313627829442,5.78841251715048,5.83479145925963
P < 1e-4,12822,2.06120986497935,5.87036903584438,0.00358575344745014,5.86334095908738,5.87739711260138
P < 1e-4,12822,2.08325470914116,5.91161006526429,0.00527820834748859,5.90126477690321,5.92195535362537
P < 1e-4,12822,2.10529955330296,5.98772211444303,0.0142605350452342,5.95977146575438,6.01567276313169
P < 1e-4,12822,2.12734439746477,6.16786490457722,0.0519405736035528,6.06606138031426,6.26966842884019
P < 1e-4,12822,2.14938924162658,6.42270190007475,0.0250626832651124,6.37357904087513,6.47182475927438
P < 1e-4,12822,2.17143408578838,6.58940794387806,0.02467061190081,6.54105354455247,6.63776234320365
P < 1e-4,12822,2.19347892995019,6.86675644728169,0.0682987358667544,6.73289092498285,7.00062196958053
P < 1e-4,12822,2.21552377411199,7.13726735775001,0.036764717503168,7.0652085114438,7.20932620405622
P < 1e-4,12822,2.2375686182738,7.24886242588028,0.0286475788086548,7.19271317141532,7.30501168034525
P < 1e-4,12822,2.25961346243561,7.34901038143894,0.00828865846091874,7.33276461085554,7.36525615202235
P < 1e-4,12822,2.28165830659741,7.42203987480611,0.0152623319478986,7.39212570418823,7.45195404542399
P < 1e-4,12822,2.30370315075922,7.74583932311995,0.0427598650236051,7.66202998767369,7.82964865856622
P < 1e-4,12822,2.32574799492102,10.9652015437121,0.320365682538305,10.337284805937,11.5931182814872
P < 1e-4,12822,2.34779283908283,13.054871464181,0.404053739099115,12.2629261355467,13.8468167928153
P < 1e-4,12822,2.36983768324464,15.1901470034959,0.796587102252398,13.6288362830812,16.7514577239106
P < 1e-4,12822,2.39188252740644,20.1274535045243,3.14573781295078,13.9618073911407,26.2930996179078
P < 1e-4,12822,2.41392737156825,25.3310310128595,0.840699974473702,23.683259062891,26.9788029628279
P < 1e-4,12822,2.43597221573005,28.0188393925597,0.931167750520133,26.1937506015403,29.8439281835792
P < 1e-4,12822,2.45801705989186,28.9686396446521,0.00646439524042819,28.9559694299809,28.9813098593233
P < 1e-4,12822,2.48006190405367,31.9281697952173,0.622490145351831,30.7080891103277,33.1482504801069
P < 1e-4,12822,2.50210674821547,127.172743276602,2.64256529258029,121.993315303145,132.35217125006
P < 1e-4,12822,2.52415159237728,130.375239397174,0.00566727219913332,130.364131543664,130.386347250684
P < 1e-4,12822,2.54619643653909,148.13667713988,,,
P < 1e-4,12822,2.56824128070089,187.911689612308,4.47871597846692,179.133406294513,196.689972930103
P < 1e-4,12822,2.5902861248627,205.085451081871,10.6091975486825,184.291423886453,225.879478277289
P < 1e-4,12822,2.6123309690245,215.787812395596,,,
P < 1e-4,12822,2.63437581318631,231.465584372099,12.7135576384611,206.547011400716,256.384157343483
P < 1e-4,12822,2.65642065734812,248.076238039171,,,
P < 1e-4,12822,2.67846550150992,275.95965790168,6.58702375827286,263.049091335465,288.870224467895
P < 1e-4,12822,2.70051034567173,298.36653154442,,,
P < 1e-4,12822,2.72255518983353,307.666441133127,,,
P < 1e-4,12822,2.74460003399534,307.777594305197,,,
P < 1e-4,12822,2.76664487815715,307.777594305197,0,307.777594305197,307.777594305197
P < 1e-4,12822,2.78868972231895,307.777594305197,,,
P < 1e-4,12822,2.81073456648076,307.777594305197,,,
P < 1e-4,12822,2.83277941064256,307.777594305197,,,
P < 1e-4,12822,2.85482425480437,307.777594305197,,,
P < 1e-4,12822,2.89891394312798,307.777594305197,,,
P < 1e-4,12822,2.92095878728979,307.777594305197,,,
P < 1e-4,12822,2.94300363145159,307.777594305197,,,
P < 1e-4,12822,2.98709331977521,307.777594305197,,,
P < 1e-4,12822,3.00913816393701,307.777594305197,,,
P < 1e-4,12822,3.05322785226062,307.777594305197,,,
P < 1e-4,12822,3.09731754058424,307.777594305197,,,
P < 1e-4,12822,3.11936238474604,307.777594305197,,,
P < 1e-4,12822,3.18549691723146,307.777594305197,,,
P < 1e-4,12822,3.22958660555507,307.777594305197,,,
P < 1e-4,12822,3.29572113804049,307.777594305197,,,
P < 1e-4,12822,3.36185567052591,307.777594305197,,,
P < 1e-4,12822,3.45003504717313,307.777594305197,,,
P < 1e-4,12822,3.56025926798216,307.777594305197,,,
P < 1e-4,12822,3.71457317711481,307.777594305197,,,
P < 1e-4,12822,3.93502161873287,307.777594305197,,,
P < 1e-4,12822,4.39796334613079,307.777594305197,,,
