gene_symbol	assay_target_ID	UniProt_ID	variant	original_effect_allele	original_other_allele	harmonized_effect_allele	harmonized_other_allele	allele_flipped	direct_variant_not_proxy	chromosome_hg38	position_hg38	alpha	alpha_SE	alpha_P	alpha_N	imputation_MAF	imputation_MAF_not_EAF	effect_unit	alpha_F_statistic	alpha_P_FDR_18	alpha_P_Bonferroni_18	alpha_significance_not_used_for_eligibility	alpha_source	source_object_key	source_object_etag	source_file_sha256	manual_verification_status
BRD2	10074_128	P25440	rs429358	C	T	C	T	False	True	chr19	44908684	0.002	0.010406	0.847592	35694	0.174	True	SomaScan_SMP_normalized_protein_per_effect_allele	0.036939613594649576	0.9554625000000001	1.0	True	deCODE_SomaScan_SMP_full_summary_statistics	final_somascan_smp/Proteomics_SMP_PC0_10074_128_BRD2_BRD2_10032022.txt.gz	052361502b896214c275353d1689669e-186	93be0ae9b83a16c8e202838af5d5c3bb1629529316ab08f7b598c920e31bf250	direct_variant_alleles_and_full_file_row_verified
BRD2	10074_128	P25440	rs7412	T	C	T	C	False	True	chr19	44908822	-0.0587	0.01637	0.000336	35695	0.05943	True	SomaScan_SMP_normalized_protein_per_effect_allele	12.858160535478994	0.0015119999999999999	0.0060479999999999996	True	deCODE_SomaScan_SMP_full_summary_statistics	final_somascan_smp/Proteomics_SMP_PC0_10074_128_BRD2_BRD2_10032022.txt.gz	052361502b896214c275353d1689669e-186	93be0ae9b83a16c8e202838af5d5c3bb1629529316ab08f7b598c920e31bf250	direct_variant_alleles_and_full_file_row_verified
VTN	13125_45	P04004	rs429358	C	T	C	T	False	True	chr19	44908684	-0.0183	0.008203	0.025692	35694	0.174	True	SomaScan_SMP_normalized_protein_per_effect_allele	4.976875266879715	0.06606514285714285	0.462456	True	deCODE_SomaScan_SMP_full_summary_statistics	final_somascan_smp/Proteomics_SMP_PC0_13125_45_VTN_Vitronectin_10032022.txt.gz	e0e9ab5daab7bb52b8b75720b664d8f6-184	df6e9bdbf35d5ffb5e098b595a695a69abdc129ea8afac7d71edb2641c61dcab	direct_variant_alleles_and_full_file_row_verified
VTN	13125_45	P04004	rs7412	T	C	T	C	False	True	chr19	44908822	0.0074	0.013317	0.57844	35695	0.05943	True	SomaScan_SMP_normalized_protein_per_effect_allele	0.3087810502084472	0.8676599999999999	1.0	True	deCODE_SomaScan_SMP_full_summary_statistics	final_somascan_smp/Proteomics_SMP_PC0_13125_45_VTN_Vitronectin_10032022.txt.gz	e0e9ab5daab7bb52b8b75720b664d8f6-184	df6e9bdbf35d5ffb5e098b595a695a69abdc129ea8afac7d71edb2641c61dcab	direct_variant_alleles_and_full_file_row_verified
IL20RB	13435_31	Q6UXL0	rs429358	C	T	C	T	False	True	chr19	44908684	-0.0006	0.011726	0.959192	35694	0.174	True	SomaScan_SMP_normalized_protein_per_effect_allele	0.0026181994124818697	1.0	1.0	True	deCODE_SomaScan_SMP_full_summary_statistics	final_somascan_smp/Proteomics_SMP_PC0_13435_31_IL20RB_IL_20_Rb_10032022.txt.gz	650ba576878bfce0995f827a028dc1d2-186	1f5fb75b4e963d86624b7333fcaf93e6d8df96708eb7bf2ff70b03beccc29fb8	direct_variant_alleles_and_full_file_row_verified
IL20RB	13435_31	Q6UXL0	rs7412	T	C	T	C	False	True	chr19	44908822	0.0066	0.016532	0.689721	35695	0.05943	True	SomaScan_SMP_normalized_protein_per_effect_allele	0.1593811946816266	0.8867841428571429	1.0	True	deCODE_SomaScan_SMP_full_summary_statistics	final_somascan_smp/Proteomics_SMP_PC0_13435_31_IL20RB_IL_20_Rb_10032022.txt.gz	650ba576878bfce0995f827a028dc1d2-186	1f5fb75b4e963d86624b7333fcaf93e6d8df96708eb7bf2ff70b03beccc29fb8	direct_variant_alleles_and_full_file_row_verified
SDF2	15333_11	Q99470	rs429358	C	T	C	T	False	True	chr19	44908684	0.0	0.008442	1.0	35694	0.174	True	SomaScan_SMP_normalized_protein_per_effect_allele	0.0	1.0	1.0	True	deCODE_SomaScan_SMP_full_summary_statistics	final_somascan_smp/Proteomics_SMP_PC0_15333_11_SDF2_SDF2_10032022.txt.gz	3c2d4f0a7d39c610b1340c1cf5bc1350-186	ef54d4e8c0786f667d259dcdcaf145ef4a59e6ade8a7fdb3467fed556e78b719	direct_variant_alleles_and_full_file_row_verified
SDF2	15333_11	Q99470	rs7412	T	C	T	C	False	True	chr19	44908822	0.0126	0.016526	0.445798	35695	0.05943	True	SomaScan_SMP_normalized_protein_per_effect_allele	0.5813070544855192	0.8024364	1.0	True	deCODE_SomaScan_SMP_full_summary_statistics	final_somascan_smp/Proteomics_SMP_PC0_15333_11_SDF2_SDF2_10032022.txt.gz	3c2d4f0a7d39c610b1340c1cf5bc1350-186	ef54d4e8c0786f667d259dcdcaf145ef4a59e6ade8a7fdb3467fed556e78b719	direct_variant_alleles_and_full_file_row_verified
BRD2	15372_43	P25440	rs429358	C	T	C	T	False	True	chr19	44908684	-0.0227	0.010537	0.031208	35694	0.174	True	SomaScan_SMP_normalized_protein_per_effect_allele	4.641066104465608	0.070218	0.561744	True	deCODE_SomaScan_SMP_full_summary_statistics	final_somascan_smp/Proteomics_SMP_PC0_15372_43_BRD2_BRD2_10032022.txt.gz	f80ca901d8bf22b43cbe762f287d7f63-186	c40648037c883c8e0570503daa5e0973319ab6479c1c9828dd097d5f71488b6e	direct_variant_alleles_and_full_file_row_verified
BRD2	15372_43	P25440	rs7412	T	C	T	C	False	True	chr19	44908822	0.0433	0.016693	0.009491	35695	0.05943	True	SomaScan_SMP_normalized_protein_per_effect_allele	6.72832569421402	0.028473	0.170838	True	deCODE_SomaScan_SMP_full_summary_statistics	final_somascan_smp/Proteomics_SMP_PC0_15372_43_BRD2_BRD2_10032022.txt.gz	f80ca901d8bf22b43cbe762f287d7f63-186	c40648037c883c8e0570503daa5e0973319ab6479c1c9828dd097d5f71488b6e	direct_variant_alleles_and_full_file_row_verified
COL10A1	15653_9	Q03692	rs429358	C	T	C	T	False	True	chr19	44908684	-0.0068	0.010194	0.504741	35694	0.174	True	SomaScan_SMP_normalized_protein_per_effect_allele	0.4449677819845708	0.8259398181818182	1.0	True	deCODE_SomaScan_SMP_full_summary_statistics	final_somascan_smp/Proteomics_SMP_PC0_15653_9_COL10A1_COAA1_10032022.txt.gz	4c1d937cb5e0e53b14f71d15b698a6ff-185	57979b47d01eb9ab7c70f3223ee9e6c6072e97e4dd103e028d17a7d14f33ba09	direct_variant_alleles_and_full_file_row_verified
COL10A1	15653_9	Q03692	rs7412	T	C	T	C	False	True	chr19	44908822	0.0031	0.016315	0.8493	35695	0.05943	True	SomaScan_SMP_normalized_protein_per_effect_allele	0.03610349380196746	0.9554625000000001	1.0	True	deCODE_SomaScan_SMP_full_summary_statistics	final_somascan_smp/Proteomics_SMP_PC0_15653_9_COL10A1_COAA1_10032022.txt.gz	4c1d937cb5e0e53b14f71d15b698a6ff-185	57979b47d01eb9ab7c70f3223ee9e6c6072e97e4dd103e028d17a7d14f33ba09	direct_variant_alleles_and_full_file_row_verified
PLOD2	6923_1	O00469	rs429358	C	T	C	T	False	True	chr19	44908684	-0.0127	0.010572	0.22965	35694	0.174	True	SomaScan_SMP_normalized_protein_per_effect_allele	1.4430890555496148	0.45930000000000004	1.0	True	deCODE_SomaScan_SMP_full_summary_statistics	final_somascan_smp/Proteomics_SMP_PC0_6923_1_PLOD2_PLOD2_10032022.txt.gz	d1084ee640f9bff5bcc6484427c69ea3-186	8d57f7a12a248811de3006fd8d607d45a7f046918809e494b8499d690361f650	direct_variant_alleles_and_full_file_row_verified
PLOD2	6923_1	O00469	rs7412	T	C	T	C	False	True	chr19	44908822	0.0862	0.016845	3.1e-07	35695	0.05943	True	SomaScan_SMP_normalized_protein_per_effect_allele	26.18620123538336	2.79e-06	5.58e-06	True	deCODE_SomaScan_SMP_full_summary_statistics	final_somascan_smp/Proteomics_SMP_PC0_6923_1_PLOD2_PLOD2_10032022.txt.gz	d1084ee640f9bff5bcc6484427c69ea3-186	8d57f7a12a248811de3006fd8d607d45a7f046918809e494b8499d690361f650	direct_variant_alleles_and_full_file_row_verified
TMEM106B	8687_26	Q9NUM4	rs429358	C	T	C	T	False	True	chr19	44908684	-0.0449	0.010427	1.66e-05	35694	0.174	True	SomaScan_SMP_normalized_protein_per_effect_allele	18.542741114385066	9.96e-05	0.0002988	True	deCODE_SomaScan_SMP_full_summary_statistics	final_somascan_smp/Proteomics_SMP_PC0_8687_26_TMEM106B_T106B_10032022.txt.gz	45796da21be70376a980b25f91604ccc-186	dc572fee7d281b49515a31ff2ab653e0ab25474d871d97e5f2ea24975b5dab19	direct_variant_alleles_and_full_file_row_verified
TMEM106B	8687_26	Q9NUM4	rs7412	T	C	T	C	False	True	chr19	44908822	0.1094	0.016577	4.13e-11	35695	0.05943	True	SomaScan_SMP_normalized_protein_per_effect_allele	43.553470715824474	7.434e-10	7.434e-10	True	deCODE_SomaScan_SMP_full_summary_statistics	final_somascan_smp/Proteomics_SMP_PC0_8687_26_TMEM106B_T106B_10032022.txt.gz	45796da21be70376a980b25f91604ccc-186	dc572fee7d281b49515a31ff2ab653e0ab25474d871d97e5f2ea24975b5dab19	direct_variant_alleles_and_full_file_row_verified
CLN5	8874_53	O75503	rs429358	C	T	C	T	False	True	chr19	44908684	-0.0044	0.010337	0.670349	35694	0.174	True	SomaScan_SMP_normalized_protein_per_effect_allele	0.18118253027187142	0.8867841428571429	1.0	True	deCODE_SomaScan_SMP_full_summary_statistics	final_somascan_smp/Proteomics_SMP_PC0_8874_53_CLN5_CLN5_10032022.txt.gz	a7dd61182db43a530d4a54a824b14211-186	b92e45c23d2df800edb0f7c9156d2147d845e4a6c3f32d42832ae5cbf5ed55b6	direct_variant_alleles_and_full_file_row_verified
CLN5	8874_53	O75503	rs7412	T	C	T	C	False	True	chr19	44908822	-0.0496	0.016484	0.002622	35695	0.05943	True	SomaScan_SMP_normalized_protein_per_effect_allele	9.053951031526841	0.0094392	0.047196	True	deCODE_SomaScan_SMP_full_summary_statistics	final_somascan_smp/Proteomics_SMP_PC0_8874_53_CLN5_CLN5_10032022.txt.gz	a7dd61182db43a530d4a54a824b14211-186	b92e45c23d2df800edb0f7c9156d2147d845e4a6c3f32d42832ae5cbf5ed55b6	direct_variant_alleles_and_full_file_row_verified
