assay_target_ID	variant	outcome	gene_symbol	alpha	alpha_SE	alpha_P	method	nsnp	protein_outcome_beta	protein_outcome_SE	protein_outcome_P	protein_outcome_beta_status	Q_P	min_F	analysis_scope	planned_paths	inference_role	total_effect	mediation_status	indirect_effect	delta_SE	delta_P	delta_P_display	mediated_proportion	bootstrap_CI_lower	bootstrap_CI_upper	direction_classification	P_FDR_16	P_Bonferroni_16	passes_Bonferroni_16	bootstrap_draws	selection_warning
10074_128	rs429358	AD	BRD2	-0.0051	0.010389	0.623506	Wald ratio	1	-0.399399399399399	0.336336336336336	0.235030456586428	reestimated	NA	38.3395376477671	cis_only	16	outcome_triggered_normalization_robustness_not_independent_confirmation	1.1275	estimable	0.002036936936936935	0.004489932965099267	0.6500681183583716	6.501e-01	0.001806595952937415	-0.0084127957567416	0.015662761888942504	concordant_mediation	0.8154610908301765	1.0	False	100000	raw assays selected after SMP outcome results; corrected P values are descriptive robustness metrics
10074_128	rs429358	any_AMD	BRD2	-0.0051	0.010389	0.623506	Wald ratio	1	-2.14962462462462	0.452302552552553	2.00792101781965e-06	reestimated	NA	38.3395376477671	cis_only	16	outcome_triggered_normalization_robustness_not_independent_confirmation	-0.203119	estimable	0.010963085585585562	0.02245126714493716	0.6253332027106373	6.253e-01	-0.05397370795240998	-0.03402838216162546	0.05830647021895272	opposing_or_suppressing	0.8154610908301765	1.0	False	100000	raw assays selected after SMP outcome results; corrected P values are descriptive robustness metrics
10074_128	rs429358	dry_AMD	BRD2	-0.0051	0.010389	0.623506	Wald ratio	1	-2.12088588588589	0.54146996996997	8.96934490977084e-05	reestimated	NA	38.3395376477671	cis_only	16	outcome_triggered_normalization_robustness_not_independent_confirmation	-0.210934	estimable	0.010816518018018039	0.022206257801286444	0.6261922581158886	6.262e-01	-0.05127915849515981	-0.03346490073383263	0.058703691684504906	opposing_or_suppressing	0.8154610908301765	1.0	False	100000	raw assays selected after SMP outcome results; corrected P values are descriptive robustness metrics
10074_128	rs429358	wet_AMD	BRD2	-0.0051	0.010389	0.623506	Wald ratio	1	-2.50852852852853	0.60783033033033	3.67492870407733e-05	reestimated	NA	38.3395376477671	cis_only	16	outcome_triggered_normalization_robustness_not_independent_confirmation	-0.221611	estimable	0.012793495495495504	0.026244821937317815	0.6259271294708788	6.259e-01	-0.05772951476007736	-0.03953423391645866	0.06902067410317085	opposing_or_suppressing	0.8154610908301765	1.0	False	100000	raw assays selected after SMP outcome results; corrected P values are descriptive robustness metrics
10074_128	rs7412	AD	BRD2	-0.0214	0.016594	0.197178	Wald ratio	1	-0.399399399399399	0.336336336336336	0.235030456586428	reestimated	NA	38.3395376477671	cis_only	16	outcome_triggered_normalization_robustness_not_independent_confirmation	-0.4776	estimable	0.008547147147147138	0.009784218862975945	0.3823554166217435	3.824e-01	-0.017896036740257824	-0.008509743904432938	0.03595144639861174	opposing_or_suppressing	0.8154610908301765	1.0	False	100000	raw assays selected after SMP outcome results; corrected P values are descriptive robustness metrics
10074_128	rs7412	any_AMD	BRD2	-0.0214	0.016594	0.197178	Wald ratio	1	-2.14962462462462	0.452302552552553	2.00792101781965e-06	reestimated	NA	38.3395376477671	cis_only	16	outcome_triggered_normalization_robustness_not_independent_confirmation	0.125921	estimable	0.04600196696696686	0.03696078187291516	0.21327307074184737	2.133e-01	0.3653240282952554	-0.022929133709364512	0.1259596525040267	concordant_mediation	0.7059160704098624	1.0	False	100000	raw assays selected after SMP outcome results; corrected P values are descriptive robustness metrics
10074_128	rs7412	dry_AMD	BRD2	-0.0214	0.016594	0.197178	Wald ratio	1	-2.12088588588589	0.54146996996997	8.96934490977084e-05	reestimated	NA	38.3395376477671	cis_only	16	outcome_triggered_normalization_robustness_not_independent_confirmation	0.105656	estimable	0.04538695795795804	0.03705246852407763	0.220598772003082	2.206e-01	0.42957293440938554	-0.02320460918083221	0.12782518972618895	concordant_mediation	0.7059160704098624	1.0	False	100000	raw assays selected after SMP outcome results; corrected P values are descriptive robustness metrics
10074_128	rs7412	wet_AMD	BRD2	-0.0214	0.016594	0.197178	Wald ratio	1	-2.50852852852853	0.60783033033033	3.67492870407733e-05	reestimated	NA	38.3395376477671	cis_only	16	outcome_triggered_normalization_robustness_not_independent_confirmation	0.122092	estimable	0.05368251051051054	0.043611514768513986	0.21835085893908304	2.184e-01	0.43968900919397286	-0.027598206890372953	0.15024901403264462	concordant_mediation	0.7059160704098624	1.0	False	100000	raw assays selected after SMP outcome results; corrected P values are descriptive robustness metrics
8687_26	rs429358	AD	TMEM106B	-0.0286	0.010397	0.005944	Wald ratio	1	0.395575221238938	0.0982300884955752	5.64865417794191e-05	reestimated	NA	201.931533871235	cis_only	16	outcome_triggered_normalization_robustness_not_independent_confirmation	1.1275	estimable	-0.011313451327433627	0.00498073352141751	0.023120185559930027	2.312e-02	-0.010034103172890135	-0.022509067147900595	-0.002789597376624918	opposing_or_suppressing	0.18496148447944022	0.36992296895888044	False	100000	raw assays selected after SMP outcome results; corrected P values are descriptive robustness metrics
8687_26	rs429358	any_AMD	TMEM106B	-0.0286	0.010397	0.005944	Wald ratio	1	0.033729203539823	0.126773451327434	0.790193856442085	reestimated	NA	201.931533871235	cis_only	16	outcome_triggered_normalization_robustness_not_independent_confirmation	-0.203119	estimable	-0.0009646552212389378	0.0036426403731979915	0.7911457608072627	7.911e-01	0.004749212142827298	-0.009151422231035607	0.0067283454340557065	concordant_mediation	0.8154610908301765	1.0	False	100000	raw assays selected after SMP outcome results; corrected P values are descriptive robustness metrics
8687_26	rs429358	dry_AMD	TMEM106B	-0.0286	0.010397	0.005944	Wald ratio	1	-0.0648757522123894	0.149965486725664	0.665302081854586	reestimated	NA	201.931533871235	cis_only	16	outcome_triggered_normalization_robustness_not_independent_confirmation	-0.210934	estimable	0.001855446513274337	0.0043417277531194115	0.6691228836280505	6.691e-01	-0.008796336831778362	-0.007057219312479082	0.011769201046314457	opposing_or_suppressing	0.8154610908301765	1.0	False	100000	raw assays selected after SMP outcome results; corrected P values are descriptive robustness metrics
8687_26	rs429358	wet_AMD	TMEM106B	-0.0286	0.010397	0.005944	Wald ratio	1	0.0395102654867257	0.168680530973451	0.814805391916225	reestimated	NA	201.931533871235	cis_only	16	outcome_triggered_normalization_robustness_not_independent_confirmation	-0.221611	estimable	-0.0011299935929203549	0.004841721001501688	0.8154610908301765	8.155e-01	0.005098995956520005	-0.011977300871948942	0.009051312253400242	concordant_mediation	0.8154610908301765	1.0	False	100000	raw assays selected after SMP outcome results; corrected P values are descriptive robustness metrics
8687_26	rs7412	AD	TMEM106B	0.0677	0.016498	4.07e-05	Wald ratio	1	0.395575221238938	0.0982300884955752	5.64865417794191e-05	reestimated	NA	201.931533871235	cis_only	16	outcome_triggered_normalization_robustness_not_independent_confirmation	-0.4776	estimable	0.0267804424778761	0.009317517934172528	0.0040504791106807415	4.050e-03	-0.056072953261884634	0.010593523590179378	0.04743724897253886	opposing_or_suppressing	0.06480766577089186	0.06480766577089186	False	100000	raw assays selected after SMP outcome results; corrected P values are descriptive robustness metrics
8687_26	rs7412	any_AMD	TMEM106B	0.0677	0.016498	4.07e-05	Wald ratio	1	0.033729203539823	0.126773451327434	0.790193856442085	reestimated	NA	201.931533871235	cis_only	16	outcome_triggered_normalization_robustness_not_independent_confirmation	0.125921	estimable	0.0022834670796460167	0.008600583372841048	0.7906232177693964	7.906e-01	0.018134124408526114	-0.01522579233523634	0.02045520518867075	concordant_mediation	0.8154610908301765	1.0	False	100000	raw assays selected after SMP outcome results; corrected P values are descriptive robustness metrics
8687_26	rs7412	dry_AMD	TMEM106B	0.0677	0.016498	4.07e-05	Wald ratio	1	-0.0648757522123894	0.149965486725664	0.665302081854586	reestimated	NA	201.931533871235	cis_only	16	outcome_triggered_normalization_robustness_not_independent_confirmation	0.105656	estimable	-0.004392088424778762	0.010208925526264881	0.667035295242631	6.670e-01	-0.04156970190787804	-0.02634997082227042	0.016171770925292026	opposing_or_suppressing	0.8154610908301765	1.0	False	100000	raw assays selected after SMP outcome results; corrected P values are descriptive robustness metrics
8687_26	rs7412	wet_AMD	TMEM106B	0.0677	0.016498	4.07e-05	Wald ratio	1	0.0395102654867257	0.168680530973451	0.814805391916225	reestimated	NA	201.931533871235	cis_only	16	outcome_triggered_normalization_robustness_not_independent_confirmation	0.122092	estimable	0.0026748449734513295	0.011438260498423695	0.8151009047401607	8.151e-01	0.021908437681840982	-0.020451369666040158	0.02695209355260083	concordant_mediation	0.8154610908301765	1.0	False	100000	raw assays selected after SMP outcome results; corrected P values are descriptive robustness metrics
