gene_symbol	assay_target_ID	UniProt_ID	SNP	chromosome_hg19	position_hg19	cis_to_encoding_gene	F_statistic	source_locus_match_status	source_pQTL_ID_global	source_variant	source_cis_trans	source_any_coding_same_gene	source_any_coding_diff_gene	source_cis_eqtl_coding_genes	source_joint_P	assay_PAV_soma	assay_cis_pQTL_soma	assay_eQTL_soma	assay_confidence_tier	PAV_epitope_risk_classification	automatic_exclusion	audit_rule
BRD2	10074_128	P25440	rs10922098	1	196664651	False	55.7001591942311	matched_source_pQTL_locus	chr1_498	rs10922098	trans	NA	NA	CFH (c)	8.51e-14	False	False	False	3	no_target_gene_PAV_in_matched_source_record	False	PAV annotation is mandatory but unresolved status is not treated as absence or automatic exclusion
VTN	13125_45	P04004	rs11080061	17	26786979	True	12117.696208521	unresolved_no_exact_or_reported_LD_class_match	NA	NA	NA	NA	NA	NA	NA	True	True	False	3	unresolved_no_source_locus_match	False	PAV annotation is mandatory but unresolved status is not treated as absence or automatic exclusion
VTN	13125_45	P04004	rs12132412	1	21820042	False	188.2250148721	matched_source_pQTL_locus	chr1_66	rs12132412	trans	NA	NA	NA	7.76e-43	True	True	False	3	assay_level_PAV_reported_but_not_linked_to_this_instrument	False	PAV annotation is mandatory but unresolved status is not treated as absence or automatic exclusion
VTN	13125_45	P04004	rs12942402	17	15371906	False	33.8198968251546	unresolved_no_exact_or_reported_LD_class_match	NA	NA	NA	NA	NA	NA	NA	True	True	False	3	unresolved_no_source_locus_match	False	PAV annotation is mandatory but unresolved status is not treated as absence or automatic exclusion
VTN	13125_45	P04004	rs141469973	17	21804773	False	97.7622298127252	unresolved_no_exact_or_reported_LD_class_match	NA	NA	NA	NA	NA	NA	NA	True	True	False	3	unresolved_no_source_locus_match	False	PAV annotation is mandatory but unresolved status is not treated as absence or automatic exclusion
VTN	13125_45	P04004	rs141870697	17	29111113	False	86.5672131780783	unresolved_no_exact_or_reported_LD_class_match	NA	NA	NA	NA	NA	NA	NA	True	True	False	3	unresolved_no_source_locus_match	False	PAV annotation is mandatory but unresolved status is not treated as absence or automatic exclusion
VTN	13125_45	P04004	rs142230236	3	124472592	False	61.4039724232736	unresolved_no_exact_or_reported_LD_class_match	NA	NA	NA	NA	NA	NA	NA	True	True	False	3	unresolved_no_source_locus_match	False	PAV annotation is mandatory but unresolved status is not treated as absence or automatic exclusion
VTN	13125_45	P04004	rs146941301	17	26559553	True	709.028461856382	unresolved_no_exact_or_reported_LD_class_match	NA	NA	NA	NA	NA	NA	NA	True	True	False	3	unresolved_no_source_locus_match	False	PAV annotation is mandatory but unresolved status is not treated as absence or automatic exclusion
VTN	13125_45	P04004	rs147999825	14	79284844	False	60.6151634385214	matched_source_pQTL_locus	chr14_110	rs147999825	trans	NA	NA	NA	6.92e-15	True	True	False	3	assay_level_PAV_reported_but_not_linked_to_this_instrument	False	PAV annotation is mandatory but unresolved status is not treated as absence or automatic exclusion
VTN	13125_45	P04004	rs148484104	17	29136747	False	41.4819314731367	unresolved_no_exact_or_reported_LD_class_match	NA	NA	NA	NA	NA	NA	NA	True	True	False	3	unresolved_no_source_locus_match	False	PAV annotation is mandatory but unresolved status is not treated as absence or automatic exclusion
VTN	13125_45	P04004	rs150180594	17	14769424	False	32.5862100273505	unresolved_no_exact_or_reported_LD_class_match	NA	NA	NA	NA	NA	NA	NA	True	True	False	3	unresolved_no_source_locus_match	False	PAV annotation is mandatory but unresolved status is not treated as absence or automatic exclusion
VTN	13125_45	P04004	rs187280958	17	25767759	True	72.244673806874	unresolved_no_exact_or_reported_LD_class_match	NA	NA	NA	NA	NA	NA	NA	True	True	False	3	unresolved_no_source_locus_match	False	PAV annotation is mandatory but unresolved status is not treated as absence or automatic exclusion
VTN	13125_45	P04004	rs189764587	17	15167588	False	40.4276748702214	unresolved_no_exact_or_reported_LD_class_match	NA	NA	NA	NA	NA	NA	NA	True	True	False	3	unresolved_no_source_locus_match	False	PAV annotation is mandatory but unresolved status is not treated as absence or automatic exclusion
VTN	13125_45	P04004	rs199714746	17	15703687	False	90.1038042803222	unresolved_no_exact_or_reported_LD_class_match	NA	NA	NA	NA	NA	NA	NA	True	True	False	3	unresolved_no_source_locus_match	False	PAV annotation is mandatory but unresolved status is not treated as absence or automatic exclusion
VTN	13125_45	P04004	rs201234732	17	15539337	False	79.3274568728492	unresolved_no_exact_or_reported_LD_class_match	NA	NA	NA	NA	NA	NA	NA	True	True	False	3	unresolved_no_source_locus_match	False	PAV annotation is mandatory but unresolved status is not treated as absence or automatic exclusion
VTN	13125_45	P04004	rs2289567	17	25931637	True	690.786001673461	unresolved_no_exact_or_reported_LD_class_match	NA	NA	NA	NA	NA	NA	NA	True	True	False	3	unresolved_no_source_locus_match	False	PAV annotation is mandatory but unresolved status is not treated as absence or automatic exclusion
VTN	13125_45	P04004	rs3093704	17	26673316	True	7528.58524232579	unresolved_no_exact_or_reported_LD_class_match	NA	NA	NA	NA	NA	NA	NA	True	True	False	3	unresolved_no_source_locus_match	False	PAV annotation is mandatory but unresolved status is not treated as absence or automatic exclusion
VTN	13125_45	P04004	rs34000429	17	26591549	True	530.495640500984	unresolved_no_exact_or_reported_LD_class_match	NA	NA	NA	NA	NA	NA	NA	True	True	False	3	unresolved_no_source_locus_match	False	PAV annotation is mandatory but unresolved status is not treated as absence or automatic exclusion
VTN	13125_45	P04004	rs4985784	17	21294163	False	292.333034961014	unresolved_no_exact_or_reported_LD_class_match	NA	NA	NA	NA	NA	NA	NA	True	True	False	3	unresolved_no_source_locus_match	False	PAV annotation is mandatory but unresolved status is not treated as absence or automatic exclusion
VTN	13125_45	P04004	rs505922	9	136149229	False	38.1146411625643	unresolved_no_exact_or_reported_LD_class_match	NA	NA	NA	NA	NA	NA	NA	True	True	False	3	unresolved_no_source_locus_match	False	PAV annotation is mandatory but unresolved status is not treated as absence or automatic exclusion
VTN	13125_45	P04004	rs59221597	17	14978416	False	54.7208998335197	unresolved_no_exact_or_reported_LD_class_match	NA	NA	NA	NA	NA	NA	NA	True	True	False	3	unresolved_no_source_locus_match	False	PAV annotation is mandatory but unresolved status is not treated as absence or automatic exclusion
VTN	13125_45	P04004	rs61338647	17	25336302	False	95.2094616952484	unresolved_no_exact_or_reported_LD_class_match	NA	NA	NA	NA	NA	NA	NA	True	True	False	3	unresolved_no_source_locus_match	False	PAV annotation is mandatory but unresolved status is not treated as absence or automatic exclusion
VTN	13125_45	P04004	rs62057795	17	25864600	True	224.84236108554	unresolved_no_exact_or_reported_LD_class_match	NA	NA	NA	NA	NA	NA	NA	True	True	False	3	unresolved_no_source_locus_match	False	PAV annotation is mandatory but unresolved status is not treated as absence or automatic exclusion
VTN	13125_45	P04004	rs73307089	17	22171222	False	172.413835041658	unresolved_no_exact_or_reported_LD_class_match	NA	NA	NA	NA	NA	NA	NA	True	True	False	3	unresolved_no_source_locus_match	False	PAV annotation is mandatory but unresolved status is not treated as absence or automatic exclusion
VTN	13125_45	P04004	rs77644050	17	14290170	False	61.6968317888479	unresolved_no_exact_or_reported_LD_class_match	NA	NA	NA	NA	NA	NA	NA	True	True	False	3	unresolved_no_source_locus_match	False	PAV annotation is mandatory but unresolved status is not treated as absence or automatic exclusion
IL20RB	13435_31	Q6UXL0	rs111874634	19	35835021	False	45.1738951240075	matched_source_pQTL_locus	chr19_187	rs111874634	trans	NA	NA	FFAR1 (e); CD22 (c)	1.82e-11	False	False	False	3	no_target_gene_PAV_in_matched_source_record	False	PAV annotation is mandatory but unresolved status is not treated as absence or automatic exclusion
IL20RB	13435_31	Q6UXL0	rs113407144	14	106357470	False	63.7983724014603	unresolved_no_exact_or_reported_LD_class_match	NA	NA	NA	NA	NA	NA	NA	False	False	False	3	unresolved_no_source_locus_match	False	PAV annotation is mandatory but unresolved status is not treated as absence or automatic exclusion
IL20RB	13435_31	Q6UXL0	rs2270552	10	75863750	False	66.1374865826854	matched_source_pQTL_locus	chr10_179	chr10:74195707	trans	NA	NA	ADK,VCL (e)	2.57e-16	False	False	False	3	no_target_gene_PAV_in_matched_source_record	False	PAV annotation is mandatory but unresolved status is not treated as absence or automatic exclusion
IL20RB	13435_31	Q6UXL0	rs2338626	14	106329453	False	204.751095273248	matched_source_pQTL_locus	chr14_205	chr14:105863241	trans	NA	NA	NA	1.48e-46	False	False	False	3	no_target_gene_PAV_in_matched_source_record	False	PAV annotation is mandatory but unresolved status is not treated as absence or automatic exclusion
IL20RB	13435_31	Q6UXL0	rs2731673	5	176839898	False	43.2211493552146	matched_source_pQTL_locus	chr5_286	chr5:177411673	trans	NA	NA	F12 (e)	4.37e-11	False	False	False	3	no_target_gene_PAV_in_matched_source_record	False	PAV annotation is mandatory but unresolved status is not treated as absence or automatic exclusion
IL20RB	13435_31	Q6UXL0	rs28414125	6	32626975	False	317.045560559705	matched_source_pQTL_locus	chr6_395	rs28414125	trans	NA	NA	HLA-DQA1 (e)	5.29e-72	False	False	False	3	no_target_gene_PAV_in_matched_source_record	False	PAV annotation is mandatory but unresolved status is not treated as absence or automatic exclusion
IL20RB	13435_31	Q6UXL0	rs28724166	6	32555858	False	83.6195519617789	unresolved_no_exact_or_reported_LD_class_match	NA	NA	NA	NA	NA	NA	NA	False	False	False	3	unresolved_no_source_locus_match	False	PAV annotation is mandatory but unresolved status is not treated as absence or automatic exclusion
IL20RB	13435_31	Q6UXL0	rs3130159	6	33124693	False	55.462378447751	unresolved_no_exact_or_reported_LD_class_match	NA	NA	NA	NA	NA	NA	NA	False	False	False	3	unresolved_no_source_locus_match	False	PAV annotation is mandatory but unresolved status is not treated as absence or automatic exclusion
IL20RB	13435_31	Q6UXL0	rs4983398	14	105591666	False	37.1232012764684	unresolved_no_exact_or_reported_LD_class_match	NA	NA	NA	NA	NA	NA	NA	False	False	False	3	unresolved_no_source_locus_match	False	PAV annotation is mandatory but unresolved status is not treated as absence or automatic exclusion
IL20RB	13435_31	Q6UXL0	rs527506034	6	32020238	False	89.6670064575299	unresolved_no_exact_or_reported_LD_class_match	NA	NA	NA	NA	NA	NA	NA	False	False	False	3	unresolved_no_source_locus_match	False	PAV annotation is mandatory but unresolved status is not treated as absence or automatic exclusion
SDF2	15333_11	Q99470	rs111305232	6	19605841	False	45.5858806873799	unresolved_no_exact_or_reported_LD_class_match	NA	NA	NA	NA	NA	NA	NA	True	True	False	3	unresolved_no_source_locus_match	False	PAV annotation is mandatory but unresolved status is not treated as absence or automatic exclusion
SDF2	15333_11	Q99470	rs113954333	17	26578159	True	202.536353188019	unresolved_no_exact_or_reported_LD_class_match	NA	NA	NA	NA	NA	NA	NA	True	True	False	3	unresolved_no_source_locus_match	False	PAV annotation is mandatory but unresolved status is not treated as absence or automatic exclusion
SDF2	15333_11	Q99470	rs114441543	6	36751441	False	175.306928226298	unresolved_no_exact_or_reported_LD_class_match	NA	NA	NA	NA	NA	NA	NA	True	True	False	3	unresolved_no_source_locus_match	False	PAV annotation is mandatory but unresolved status is not treated as absence or automatic exclusion
SDF2	15333_11	Q99470	rs11657845	17	17843378	False	30.9458340862193	unresolved_no_exact_or_reported_LD_class_match	NA	NA	NA	NA	NA	NA	NA	True	True	False	3	unresolved_no_source_locus_match	False	PAV annotation is mandatory but unresolved status is not treated as absence or automatic exclusion
SDF2	15333_11	Q99470	rs116824566	6	23168458	False	51.8111391449673	unresolved_no_exact_or_reported_LD_class_match	NA	NA	NA	NA	NA	NA	NA	True	True	False	3	unresolved_no_source_locus_match	False	PAV annotation is mandatory but unresolved status is not treated as absence or automatic exclusion
SDF2	15333_11	Q99470	rs12525930	6	35439932	False	32.5352865279099	unresolved_no_exact_or_reported_LD_class_match	NA	NA	NA	NA	NA	NA	NA	True	True	False	3	unresolved_no_source_locus_match	False	PAV annotation is mandatory but unresolved status is not treated as absence or automatic exclusion
SDF2	15333_11	Q99470	rs12953252	17	27554111	True	52.8052445208763	unresolved_no_exact_or_reported_LD_class_match	NA	NA	NA	NA	NA	NA	NA	True	True	False	3	unresolved_no_source_locus_match	False	PAV annotation is mandatory but unresolved status is not treated as absence or automatic exclusion
SDF2	15333_11	Q99470	rs150777477	6	32594191	False	3229.79759058622	unresolved_no_exact_or_reported_LD_class_match	NA	NA	NA	NA	NA	NA	NA	True	True	False	3	unresolved_no_source_locus_match	False	PAV annotation is mandatory but unresolved status is not treated as absence or automatic exclusion
SDF2	15333_11	Q99470	rs1863622	3	186396616	False	115.811033352774	matched_source_pQTL_locus	chr3_400	rs1863622	trans	NA	NA	HRG (c)	8.11e-31	True	True	False	3	assay_level_PAV_reported_but_not_linked_to_this_instrument	False	PAV annotation is mandatory but unresolved status is not treated as absence or automatic exclusion
SDF2	15333_11	Q99470	rs1914886	17	21296416	False	63.5129214287606	unresolved_no_exact_or_reported_LD_class_match	NA	NA	NA	NA	NA	NA	NA	True	True	False	3	unresolved_no_source_locus_match	False	PAV annotation is mandatory but unresolved status is not treated as absence or automatic exclusion
SDF2	15333_11	Q99470	rs201589308	6	33103481	False	213.547434950447	unresolved_no_exact_or_reported_LD_class_match	NA	NA	NA	NA	NA	NA	NA	True	True	False	3	unresolved_no_source_locus_match	False	PAV annotation is mandatory but unresolved status is not treated as absence or automatic exclusion
SDF2	15333_11	Q99470	rs2249935	6	31327178	False	602.46709973359	unresolved_no_exact_or_reported_LD_class_match	NA	NA	NA	NA	NA	NA	NA	True	True	False	3	unresolved_no_source_locus_match	False	PAV annotation is mandatory but unresolved status is not treated as absence or automatic exclusion
SDF2	15333_11	Q99470	rs2255221	6	31431691	False	2765.06454207711	unresolved_no_exact_or_reported_LD_class_match	NA	NA	NA	NA	NA	NA	NA	True	True	False	3	unresolved_no_source_locus_match	False	PAV annotation is mandatory but unresolved status is not treated as absence or automatic exclusion
SDF2	15333_11	Q99470	rs2273671	6	25115296	False	100.197921772471	unresolved_no_exact_or_reported_LD_class_match	NA	NA	NA	NA	NA	NA	NA	True	True	False	3	unresolved_no_source_locus_match	False	PAV annotation is mandatory but unresolved status is not treated as absence or automatic exclusion
SDF2	15333_11	Q99470	rs28858179	6	32201790	False	2346.79139215766	unresolved_no_exact_or_reported_LD_class_match	NA	NA	NA	NA	NA	NA	NA	True	True	False	3	unresolved_no_source_locus_match	False	PAV annotation is mandatory but unresolved status is not treated as absence or automatic exclusion
SDF2	15333_11	Q99470	rs61554237	3	57538788	False	56.0001799180934	matched_source_pQTL_locus	chr3_156	rs61554237	trans	NA	NA	ARF4 (e); DNAH12 (c)	7.24e-14	True	True	False	3	assay_level_PAV_reported_but_not_linked_to_this_instrument	False	PAV annotation is mandatory but unresolved status is not treated as absence or automatic exclusion
SDF2	15333_11	Q99470	rs7212510	17	26703682	True	3430.23703780613	matched_source_pQTL_locus	chr17_94	rs704	cis	True	True	POLDIP2,SARM1,TMEM199 (e); VTN (c)	0	True	True	False	3	target_gene_PAV_in_source_LD_class	False	PAV annotation is mandatory but unresolved status is not treated as absence or automatic exclusion
SDF2	15333_11	Q99470	rs74906171	6	36273890	False	129.639319134851	unresolved_no_exact_or_reported_LD_class_match	NA	NA	NA	NA	NA	NA	NA	True	True	False	3	unresolved_no_source_locus_match	False	PAV annotation is mandatory but unresolved status is not treated as absence or automatic exclusion
SDF2	15333_11	Q99470	rs8075695	17	25867693	False	73.1367692824573	unresolved_no_exact_or_reported_LD_class_match	NA	NA	NA	NA	NA	NA	NA	True	True	False	3	unresolved_no_source_locus_match	False	PAV annotation is mandatory but unresolved status is not treated as absence or automatic exclusion
SDF2	15333_11	Q99470	rs9295501	6	21182978	False	65.381986193323	unresolved_no_exact_or_reported_LD_class_match	NA	NA	NA	NA	NA	NA	NA	True	True	False	3	unresolved_no_source_locus_match	False	PAV annotation is mandatory but unresolved status is not treated as absence or automatic exclusion
SDF2	15333_11	Q99470	rs9393530	6	24147360	False	134.44665564114	unresolved_no_exact_or_reported_LD_class_match	NA	NA	NA	NA	NA	NA	NA	True	True	False	3	unresolved_no_source_locus_match	False	PAV annotation is mandatory but unresolved status is not treated as absence or automatic exclusion
BRD2	15372_43	P25440	rs206783	6	32932150	True	38.1896225224088	matched_source_pQTL_locus	chr6_506	chr6:32991676	cis	False	False	BRD2 (e)	3.98e-11	False	True	True	3	no_target_gene_PAV_in_matched_source_record	False	PAV annotation is mandatory but unresolved status is not treated as absence or automatic exclusion
COL10A1	15653_9	Q03692	rs117724066	6	115076872	False	53.8556650991772	unresolved_no_exact_or_reported_LD_class_match	NA	NA	NA	NA	NA	NA	NA	False	True	True	3	unresolved_no_source_locus_match	False	PAV annotation is mandatory but unresolved status is not treated as absence or automatic exclusion
COL10A1	15653_9	Q03692	rs11968601	6	116133860	True	185.128327925233	unresolved_no_exact_or_reported_LD_class_match	NA	NA	NA	NA	NA	NA	NA	False	True	True	3	unresolved_no_source_locus_match	False	PAV annotation is mandatory but unresolved status is not treated as absence or automatic exclusion
COL10A1	15653_9	Q03692	rs13969	20	44642833	False	44.7202820722408	matched_source_pQTL_locus	chr20_130	rs13969	trans	NA	NA	NEURL2,PCIF1,PLTP,SLC12A5,SPATA25,ZNF335,ZSWIM1 (e); MMP9 (c)	2.29e-11	False	True	True	3	no_target_gene_PAV_in_matched_source_record	False	PAV annotation is mandatory but unresolved status is not treated as absence or automatic exclusion
COL10A1	15653_9	Q03692	rs147319042	6	113365601	False	41.3835917454054	unresolved_no_exact_or_reported_LD_class_match	NA	NA	NA	NA	NA	NA	NA	False	True	True	3	unresolved_no_source_locus_match	False	PAV annotation is mandatory but unresolved status is not treated as absence or automatic exclusion
COL10A1	15653_9	Q03692	rs2357161	6	119412952	False	51.7845400717001	unresolved_no_exact_or_reported_LD_class_match	NA	NA	NA	NA	NA	NA	NA	False	True	True	3	unresolved_no_source_locus_match	False	PAV annotation is mandatory but unresolved status is not treated as absence or automatic exclusion
COL10A1	15653_9	Q03692	rs342242	7	106338989	False	31.6287813178141	unresolved_no_exact_or_reported_LD_class_match	NA	NA	NA	NA	NA	NA	NA	False	True	True	3	unresolved_no_source_locus_match	False	PAV annotation is mandatory but unresolved status is not treated as absence or automatic exclusion
COL10A1	15653_9	Q03692	rs9488840	6	116437621	True	1926.33268873244	matched_source_pQTL_locus	chr6_620	rs1931897	cis	False	False	COL10A1,DSE (e)	5.06e-28	False	True	True	3	no_target_gene_PAV_in_matched_source_record	False	PAV annotation is mandatory but unresolved status is not treated as absence or automatic exclusion
COL10A1	15653_9	Q03692	rs980214	6	116889576	True	108.180853135345	unresolved_no_exact_or_reported_LD_class_match	NA	NA	NA	NA	NA	NA	NA	False	True	True	3	unresolved_no_source_locus_match	False	PAV annotation is mandatory but unresolved status is not treated as absence or automatic exclusion
PLOD2	6923_1	O00469	rs10984506	9	100716140	False	32.6022682325759	unresolved_no_exact_or_reported_LD_class_match	NA	NA	NA	NA	NA	NA	NA	True	True	False	3	unresolved_no_source_locus_match	False	PAV annotation is mandatory but unresolved status is not treated as absence or automatic exclusion
PLOD2	6923_1	O00469	rs114694170	5	88180196	False	46.4383517286471	matched_source_pQTL_locus	chr5_105	rs114694170	trans	NA	NA	NA	9.33e-12	True	True	False	3	assay_level_PAV_reported_but_not_linked_to_this_instrument	False	PAV annotation is mandatory but unresolved status is not treated as absence or automatic exclusion
PLOD2	6923_1	O00469	rs118033368	12	101501490	False	56.5752786615002	unresolved_no_exact_or_reported_LD_class_match	NA	NA	NA	NA	NA	NA	NA	True	True	False	3	unresolved_no_source_locus_match	False	PAV annotation is mandatory but unresolved status is not treated as absence or automatic exclusion
PLOD2	6923_1	O00469	rs13167071	5	156373637	False	31.5827638441227	unresolved_no_exact_or_reported_LD_class_match	NA	NA	NA	NA	NA	NA	NA	True	True	False	3	unresolved_no_source_locus_match	False	PAV annotation is mandatory but unresolved status is not treated as absence or automatic exclusion
PLOD2	6923_1	O00469	rs1375584	3	145793045	True	191.924533265992	matched_source_pQTL_locus	chr3_300	chr3:146119445	cis	False	False	PLOD2 (e)	6.25e-44	True	True	False	3	assay_level_PAV_reported_but_not_linked_to_this_instrument	False	PAV annotation is mandatory but unresolved status is not treated as absence or automatic exclusion
PLOD2	6923_1	O00469	rs144793126	3	145352984	True	61.0812101323227	unresolved_no_exact_or_reported_LD_class_match	NA	NA	NA	NA	NA	NA	NA	True	True	False	3	unresolved_no_source_locus_match	False	PAV annotation is mandatory but unresolved status is not treated as absence or automatic exclusion
PLOD2	6923_1	O00469	rs174530	11	61546592	False	35.539374822409	unresolved_no_exact_or_reported_LD_class_match	NA	NA	NA	NA	NA	NA	NA	True	True	False	3	unresolved_no_source_locus_match	False	PAV annotation is mandatory but unresolved status is not treated as absence or automatic exclusion
PLOD2	6923_1	O00469	rs1833475	7	133958263	False	39.3501816109113	matched_source_pQTL_locus	chr7_249	rs1833475	trans	NA	NA	SLC35B4 (e)	3.55e-10	True	True	False	3	assay_level_PAV_reported_but_not_linked_to_this_instrument	False	PAV annotation is mandatory but unresolved status is not treated as absence or automatic exclusion
PLOD2	6923_1	O00469	rs2126263	8	9181611	False	37.1408973991253	matched_source_pQTL_locus	chr8_20	rs2126263	trans	NA	NA	NA	1.1e-09	True	True	False	3	assay_level_PAV_reported_but_not_linked_to_this_instrument	False	PAV annotation is mandatory but unresolved status is not treated as absence or automatic exclusion
PLOD2	6923_1	O00469	rs35530272	14	39804804	False	64.1763636666457	matched_source_pQTL_locus	chr14_48	rs35530272	trans	NA	NA	NA	1.15e-15	True	True	False	3	assay_level_PAV_reported_but_not_linked_to_this_instrument	False	PAV annotation is mandatory but unresolved status is not treated as absence or automatic exclusion
PLOD2	6923_1	O00469	rs466344	1	196726613	False	50.3424036281179	unresolved_no_exact_or_reported_LD_class_match	NA	NA	NA	NA	NA	NA	NA	True	True	False	3	unresolved_no_source_locus_match	False	PAV annotation is mandatory but unresolved status is not treated as absence or automatic exclusion
PLOD2	6923_1	O00469	rs4764824	12	102220003	False	67.5347752428078	unresolved_no_exact_or_reported_LD_class_match	NA	NA	NA	NA	NA	NA	NA	True	True	False	3	unresolved_no_source_locus_match	False	PAV annotation is mandatory but unresolved status is not treated as absence or automatic exclusion
PLOD2	6923_1	O00469	rs550057	9	136146597	False	71.4593370735729	unresolved_no_exact_or_reported_LD_class_match	NA	NA	NA	NA	NA	NA	NA	True	True	False	3	unresolved_no_source_locus_match	False	PAV annotation is mandatory but unresolved status is not treated as absence or automatic exclusion
PLOD2	6923_1	O00469	rs6580981	12	54723028	False	65.7743330602552	matched_source_pQTL_locus	chr12_180	rs6580981	trans	NA	NA	NA	5.13e-16	True	True	False	3	assay_level_PAV_reported_but_not_linked_to_this_instrument	False	PAV annotation is mandatory but unresolved status is not treated as absence or automatic exclusion
TMEM106B	8687_26	Q9NUM4	rs10922094	1	196661505	False	63.80015625	matched_source_pQTL_locus	chr1_498	rs10922094	trans	NA	NA	CFH (c)	1.38e-15	True	True	True	3	assay_level_PAV_reported_but_not_linked_to_this_instrument	False	PAV annotation is mandatory but unresolved status is not treated as absence or automatic exclusion
TMEM106B	8687_26	Q9NUM4	rs438999	6	31928306	False	53.259806243781	unresolved_no_exact_or_reported_LD_class_match	NA	NA	NA	NA	NA	NA	NA	True	True	True	3	unresolved_no_source_locus_match	False	PAV annotation is mandatory but unresolved status is not treated as absence or automatic exclusion
TMEM106B	8687_26	Q9NUM4	rs4721060	7	12267552	True	798.227973370638	matched_source_pQTL_locus	chr7_27	rs4721060	cis	True	False	TMEM106B (e); TMEM106B (c)	6.97e-55	True	True	True	3	target_gene_PAV_in_source_LD_class	False	PAV annotation is mandatory but unresolved status is not treated as absence or automatic exclusion
TMEM106B	8687_26	Q9NUM4	rs565840574	10	17848398	False	36.6238975849307	matched_source_pQTL_locus	chr10_52	rs565840574	trans	NA	NA	NA	1.45e-09	True	True	True	3	assay_level_PAV_reported_but_not_linked_to_this_instrument	False	PAV annotation is mandatory but unresolved status is not treated as absence or automatic exclusion
TMEM106B	8687_26	Q9NUM4	rs62295994	3	165478188	False	37.8964051269616	unresolved_no_exact_or_reported_LD_class_match	NA	NA	NA	NA	NA	NA	NA	True	True	True	3	unresolved_no_source_locus_match	False	PAV annotation is mandatory but unresolved status is not treated as absence or automatic exclusion
TMEM106B	8687_26	Q9NUM4	rs6943558	7	12068095	True	62.6465335536393	unresolved_no_exact_or_reported_LD_class_match	NA	NA	NA	NA	NA	NA	NA	True	True	True	3	unresolved_no_source_locus_match	False	PAV annotation is mandatory but unresolved status is not treated as absence or automatic exclusion
TMEM106B	8687_26	Q9NUM4	rs7942247	11	316349	False	68.4088261585552	matched_source_pQTL_locus	chr11_9	rs7942247	trans	NA	NA	IFITM1,IFITM3 (e)	1.32e-16	True	True	True	3	assay_level_PAV_reported_but_not_linked_to_this_instrument	False	PAV annotation is mandatory but unresolved status is not treated as absence or automatic exclusion
TMEM106B	8687_26	Q9NUM4	rs9270369	6	32558183	False	44.9881023200476	unresolved_no_exact_or_reported_LD_class_match	NA	NA	NA	NA	NA	NA	NA	True	True	True	3	unresolved_no_source_locus_match	False	PAV annotation is mandatory but unresolved status is not treated as absence or automatic exclusion
CLN5	8874_53	O75503	rs117582916	13	77390396	True	51.5026146446995	unresolved_no_exact_or_reported_LD_class_match	NA	NA	NA	NA	NA	NA	NA	True	True	True	3	unresolved_no_source_locus_match	False	PAV annotation is mandatory but unresolved status is not treated as absence or automatic exclusion
CLN5	8874_53	O75503	rs149062332	3	186341025	False	76.1371151186813	matched_source_pQTL_locus	chr3_386	rs35457250	trans	NA	NA	AHSG (c)	2.19e-19	True	True	True	3	assay_level_PAV_reported_but_not_linked_to_this_instrument	False	PAV annotation is mandatory but unresolved status is not treated as absence or automatic exclusion
CLN5	8874_53	O75503	rs1800209	13	77574983	True	845.457503764534	matched_source_pQTL_locus	chr13_80	rs1800209	cis	True	False	CLN5 (e); CLN5 (c)	2.31e-212	True	True	True	3	target_gene_PAV_in_source_LD_class	False	PAV annotation is mandatory but unresolved status is not treated as absence or automatic exclusion
CLN5	8874_53	O75503	rs205002	6	32113312	False	43.288512519091	matched_source_pQTL_locus	chr6_300	rs205002	trans	NA	NA	ATF6B,EGFL8 (e)	4.68e-11	True	True	True	3	assay_level_PAV_reported_but_not_linked_to_this_instrument	False	PAV annotation is mandatory but unresolved status is not treated as absence or automatic exclusion
CLN5	8874_53	O75503	rs28664709	1	196671217	False	50.4965028654475	matched_source_pQTL_locus	chr1_498	rs10922103	trans	NA	NA	CFH (c)	1.2e-12	True	True	True	3	assay_level_PAV_reported_but_not_linked_to_this_instrument	False	PAV annotation is mandatory but unresolved status is not treated as absence or automatic exclusion
CLN5	8874_53	O75503	rs3820897	2	3642361	False	57.7060678241783	matched_source_pQTL_locus	chr2_8	rs3820897	trans	NA	NA	ALLC (e)	3.02e-14	True	True	True	3	assay_level_PAV_reported_but_not_linked_to_this_instrument	False	PAV annotation is mandatory but unresolved status is not treated as absence or automatic exclusion
CLN5	8874_53	O75503	rs539657009	1	161628456	False	30.2815135088384	unresolved_no_exact_or_reported_LD_class_match	NA	NA	NA	NA	NA	NA	NA	True	True	True	3	unresolved_no_source_locus_match	False	PAV annotation is mandatory but unresolved status is not treated as absence or automatic exclusion
CLN5	8874_53	O75503	rs71434852	13	77463761	True	59.654964677744	unresolved_no_exact_or_reported_LD_class_match	NA	NA	NA	NA	NA	NA	NA	True	True	True	3	unresolved_no_source_locus_match	False	PAV annotation is mandatory but unresolved status is not treated as absence or automatic exclusion
CLN5	8874_53	O75503	rs72628064	13	77843744	True	172.530955149369	unresolved_no_exact_or_reported_LD_class_match	NA	NA	NA	NA	NA	NA	NA	True	True	True	3	unresolved_no_source_locus_match	False	PAV annotation is mandatory but unresolved status is not treated as absence or automatic exclusion
CLN5	8874_53	O75503	rs8178824	17	64224775	False	52.7233637438997	matched_source_pQTL_locus	chr17_258	rs8178824	trans	NA	NA	APOH (c)	3.89e-13	True	True	True	3	assay_level_PAV_reported_but_not_linked_to_this_instrument	False	PAV annotation is mandatory but unresolved status is not treated as absence or automatic exclusion
