gene_symbol	assay_target_ID	variant	outcome	SMP_alpha	SMP_protein_outcome_beta	SMP_indirect_effect	SMP_mediation_P_Bonferroni_72	SMP_direction_classification	raw_alpha	raw_protein_outcome_beta	raw_indirect_effect	raw_P_Bonferroni_16	raw_direction_classification	alpha_direction_consistent	beta_direction_consistent	indirect_direction_consistent	comparison_role
BRD2	10074_128	rs429358	AD	0.002	NA	NA	NA	not_estimable	-0.0051	-0.399399399399399	0.002036936936936935	1.0	concordant_mediation	False	False	False	normalization_robustness_only
BRD2	10074_128	rs429358	any_AMD	0.002	NA	NA	NA	not_estimable	-0.0051	-2.14962462462462	0.010963085585585562	1.0	opposing_or_suppressing	False	False	False	normalization_robustness_only
BRD2	10074_128	rs429358	dry_AMD	0.002	NA	NA	NA	not_estimable	-0.0051	-2.12088588588589	0.010816518018018039	1.0	opposing_or_suppressing	False	False	False	normalization_robustness_only
BRD2	10074_128	rs429358	wet_AMD	0.002	NA	NA	NA	not_estimable	-0.0051	-2.50852852852853	0.012793495495495504	1.0	opposing_or_suppressing	False	False	False	normalization_robustness_only
BRD2	10074_128	rs7412	AD	-0.0587	NA	NA	NA	not_estimable	-0.0214	-0.399399399399399	0.008547147147147138	1.0	opposing_or_suppressing	True	False	False	normalization_robustness_only
BRD2	10074_128	rs7412	any_AMD	-0.0587	NA	NA	NA	not_estimable	-0.0214	-2.14962462462462	0.04600196696696686	1.0	concordant_mediation	True	False	False	normalization_robustness_only
BRD2	10074_128	rs7412	dry_AMD	-0.0587	NA	NA	NA	not_estimable	-0.0214	-2.12088588588589	0.04538695795795804	1.0	concordant_mediation	True	False	False	normalization_robustness_only
BRD2	10074_128	rs7412	wet_AMD	-0.0587	NA	NA	NA	not_estimable	-0.0214	-2.50852852852853	0.05368251051051054	1.0	concordant_mediation	True	False	False	normalization_robustness_only
TMEM106B	8687_26	rs429358	AD	-0.0449	0.202398481090939	-0.0090876918009831	0.1697545267281255	opposing_or_suppressing	-0.0286	0.395575221238938	-0.011313451327433627	0.36992296895888044	opposing_or_suppressing	True	True	True	normalization_robustness_only
TMEM106B	8687_26	rs429358	any_AMD	-0.0449	0.0493919325424409	-0.0022176977711555	1.0	concordant_mediation	-0.0286	0.033729203539823	-0.0009646552212389378	1.0	concordant_mediation	True	True	True	normalization_robustness_only
TMEM106B	8687_26	rs429358	dry_AMD	-0.0449	0.008112636264477	-0.000364257368275	1.0	concordant_mediation	-0.0286	-0.0648757522123894	0.001855446513274337	1.0	opposing_or_suppressing	True	False	False	normalization_robustness_only
TMEM106B	8687_26	rs429358	wet_AMD	-0.0449	0.0296602671138118	-0.0013317459934101	1.0	concordant_mediation	-0.0286	0.0395102654867257	-0.0011299935929203549	1.0	concordant_mediation	True	True	True	normalization_robustness_only
TMEM106B	8687_26	rs7412	AD	0.1094	0.202398481090939	0.0221423938313487	0.022918625192883	opposing_or_suppressing	0.0677	0.395575221238938	0.0267804424778761	0.06480766577089186	opposing_or_suppressing	True	True	True	normalization_robustness_only
TMEM106B	8687_26	rs7412	any_AMD	0.1094	0.0493919325424409	0.005403477420143	1.0	concordant_mediation	0.0677	0.033729203539823	0.0022834670796460167	1.0	concordant_mediation	True	True	True	normalization_robustness_only
TMEM106B	8687_26	rs7412	dry_AMD	0.1094	0.008112636264477	0.0008875224073337	1.0	concordant_mediation	0.0677	-0.0648757522123894	-0.004392088424778762	1.0	opposing_or_suppressing	True	False	False	normalization_robustness_only
TMEM106B	8687_26	rs7412	wet_AMD	0.1094	0.0296602671138118	0.003244833222251	1.0	concordant_mediation	0.0677	0.0395102654867257	0.0026748449734513295	1.0	concordant_mediation	True	True	True	normalization_robustness_only
