member_name	chromosome_label	member_size_bytes	header	header_exact_match	row_count	first_variant_ID	last_variant_ID	first_row_field_count	last_row_field_count	first_and_last_complete	gene_symbol	UKB_PPP_OID	archive_name
BCAM_P50895_OID21076_v1_Neurology/discovery_chr1_BCAM:P50895:OID21076:v1:Neurology.gz	1	41493489	CHROM GENPOS ID ALLELE0 ALLELE1 A1FREQ INFO N TEST BETA SE CHISQ LOG10P EXTRA	True	1211325	1	1	14	14	True	BCAM	OID21076	BCAM_P50895_OID21076_v1_Neurology.tar
BCAM_P50895_OID21076_v1_Neurology/discovery_chr2_BCAM:P50895:OID21076:v1:Neurology.gz	2	45214897	CHROM GENPOS ID ALLELE0 ALLELE1 A1FREQ INFO N TEST BETA SE CHISQ LOG10P EXTRA	True	1318721	2	2	14	14	True	BCAM	OID21076	BCAM_P50895_OID21076_v1_Neurology.tar
BCAM_P50895_OID21076_v1_Neurology/discovery_chr3_BCAM:P50895:OID21076:v1:Neurology.gz	3	37978976	CHROM GENPOS ID ALLELE0 ALLELE1 A1FREQ INFO N TEST BETA SE CHISQ LOG10P EXTRA	True	1111294	3	3	14	14	True	BCAM	OID21076	BCAM_P50895_OID21076_v1_Neurology.tar
BCAM_P50895_OID21076_v1_Neurology/discovery_chr4_BCAM:P50895:OID21076:v1:Neurology.gz	4	38231094	CHROM GENPOS ID ALLELE0 ALLELE1 A1FREQ INFO N TEST BETA SE CHISQ LOG10P EXTRA	True	1121978	4	4	14	14	True	BCAM	OID21076	BCAM_P50895_OID21076_v1_Neurology.tar
BCAM_P50895_OID21076_v1_Neurology/discovery_chr5_BCAM:P50895:OID21076:v1:Neurology.gz	5	34572620	CHROM GENPOS ID ALLELE0 ALLELE1 A1FREQ INFO N TEST BETA SE CHISQ LOG10P EXTRA	True	1010072	5	5	14	14	True	BCAM	OID21076	BCAM_P50895_OID21076_v1_Neurology.tar
BCAM_P50895_OID21076_v1_Neurology/discovery_chr6_BCAM:P50895:OID21076:v1:Neurology.gz	6	34924616	CHROM GENPOS ID ALLELE0 ALLELE1 A1FREQ INFO N TEST BETA SE CHISQ LOG10P EXTRA	True	1029896	6	6	14	14	True	BCAM	OID21076	BCAM_P50895_OID21076_v1_Neurology.tar
BCAM_P50895_OID21076_v1_Neurology/discovery_chr7_BCAM:P50895:OID21076:v1:Neurology.gz	7	31043744	CHROM GENPOS ID ALLELE0 ALLELE1 A1FREQ INFO N TEST BETA SE CHISQ LOG10P EXTRA	True	907075	7	7	14	14	True	BCAM	OID21076	BCAM_P50895_OID21076_v1_Neurology.tar
BCAM_P50895_OID21076_v1_Neurology/discovery_chr8_BCAM:P50895:OID21076:v1:Neurology.gz	8	29445571	CHROM GENPOS ID ALLELE0 ALLELE1 A1FREQ INFO N TEST BETA SE CHISQ LOG10P EXTRA	True	863104	8	8	14	14	True	BCAM	OID21076	BCAM_P50895_OID21076_v1_Neurology.tar
BCAM_P50895_OID21076_v1_Neurology/discovery_chr9_BCAM:P50895:OID21076:v1:Neurology.gz	9	23034325	CHROM GENPOS ID ALLELE0 ALLELE1 A1FREQ INFO N TEST BETA SE CHISQ LOG10P EXTRA	True	675345	9	9	14	14	True	BCAM	OID21076	BCAM_P50895_OID21076_v1_Neurology.tar
BCAM_P50895_OID21076_v1_Neurology/discovery_chrX_BCAM:P50895:OID21076:v1:Neurology.gz	X	17288214	CHROM GENPOS ID ALLELE0 ALLELE1 A1FREQ INFO N TEST BETA SE CHISQ LOG10P EXTRA	True	506631	23	23	14	14	True	BCAM	OID21076	BCAM_P50895_OID21076_v1_Neurology.tar
BCAM_P50895_OID21076_v1_Neurology/discovery_chr10_BCAM:P50895:OID21076:v1:Neurology.gz	10	26874960	CHROM GENPOS ID ALLELE0 ALLELE1 A1FREQ INFO N TEST BETA SE CHISQ LOG10P EXTRA	True	784968	10	10	14	14	True	BCAM	OID21076	BCAM_P50895_OID21076_v1_Neurology.tar
BCAM_P50895_OID21076_v1_Neurology/discovery_chr11_BCAM:P50895:OID21076:v1:Neurology.gz	11	26215047	CHROM GENPOS ID ALLELE0 ALLELE1 A1FREQ INFO N TEST BETA SE CHISQ LOG10P EXTRA	True	766489	11	11	14	14	True	BCAM	OID21076	BCAM_P50895_OID21076_v1_Neurology.tar
BCAM_P50895_OID21076_v1_Neurology/discovery_chr12_BCAM:P50895:OID21076:v1:Neurology.gz	12	25254149	CHROM GENPOS ID ALLELE0 ALLELE1 A1FREQ INFO N TEST BETA SE CHISQ LOG10P EXTRA	True	735819	12	12	14	14	True	BCAM	OID21076	BCAM_P50895_OID21076_v1_Neurology.tar
BCAM_P50895_OID21076_v1_Neurology/discovery_chr13_BCAM:P50895:OID21076:v1:Neurology.gz	13	19177236	CHROM GENPOS ID ALLELE0 ALLELE1 A1FREQ INFO N TEST BETA SE CHISQ LOG10P EXTRA	True	559061	13	13	14	14	True	BCAM	OID21076	BCAM_P50895_OID21076_v1_Neurology.tar
BCAM_P50895_OID21076_v1_Neurology/discovery_chr14_BCAM:P50895:OID21076:v1:Neurology.gz	14	17250684	CHROM GENPOS ID ALLELE0 ALLELE1 A1FREQ INFO N TEST BETA SE CHISQ LOG10P EXTRA	True	501617	14	14	14	14	True	BCAM	OID21076	BCAM_P50895_OID21076_v1_Neurology.tar
BCAM_P50895_OID21076_v1_Neurology/discovery_chr15_BCAM:P50895:OID21076:v1:Neurology.gz	15	15247886	CHROM GENPOS ID ALLELE0 ALLELE1 A1FREQ INFO N TEST BETA SE CHISQ LOG10P EXTRA	True	442308	15	15	14	14	True	BCAM	OID21076	BCAM_P50895_OID21076_v1_Neurology.tar
BCAM_P50895_OID21076_v1_Neurology/discovery_chr16_BCAM:P50895:OID21076:v1:Neurology.gz	16	16803058	CHROM GENPOS ID ALLELE0 ALLELE1 A1FREQ INFO N TEST BETA SE CHISQ LOG10P EXTRA	True	487437	16	16	14	14	True	BCAM	OID21076	BCAM_P50895_OID21076_v1_Neurology.tar
BCAM_P50895_OID21076_v1_Neurology/discovery_chr17_BCAM:P50895:OID21076:v1:Neurology.gz	17	14639167	CHROM GENPOS ID ALLELE0 ALLELE1 A1FREQ INFO N TEST BETA SE CHISQ LOG10P EXTRA	True	424688	17	17	14	14	True	BCAM	OID21076	BCAM_P50895_OID21076_v1_Neurology.tar
BCAM_P50895_OID21076_v1_Neurology/discovery_chr18_BCAM:P50895:OID21076:v1:Neurology.gz	18	15085048	CHROM GENPOS ID ALLELE0 ALLELE1 A1FREQ INFO N TEST BETA SE CHISQ LOG10P EXTRA	True	440082	18	18	14	14	True	BCAM	OID21076	BCAM_P50895_OID21076_v1_Neurology.tar
BCAM_P50895_OID21076_v1_Neurology/discovery_chr19_BCAM:P50895:OID21076:v1:Neurology.gz	19	12183816	CHROM GENPOS ID ALLELE0 ALLELE1 A1FREQ INFO N TEST BETA SE CHISQ LOG10P EXTRA	True	354890	19	19	14	14	True	BCAM	OID21076	BCAM_P50895_OID21076_v1_Neurology.tar
BCAM_P50895_OID21076_v1_Neurology/discovery_chr20_BCAM:P50895:OID21076:v1:Neurology.gz	20	11852546	CHROM GENPOS ID ALLELE0 ALLELE1 A1FREQ INFO N TEST BETA SE CHISQ LOG10P EXTRA	True	344233	20	20	14	14	True	BCAM	OID21076	BCAM_P50895_OID21076_v1_Neurology.tar
BCAM_P50895_OID21076_v1_Neurology/discovery_chr21_BCAM:P50895:OID21076:v1:Neurology.gz	21	7170935	CHROM GENPOS ID ALLELE0 ALLELE1 A1FREQ INFO N TEST BETA SE CHISQ LOG10P EXTRA	True	208343	21	21	14	14	True	BCAM	OID21076	BCAM_P50895_OID21076_v1_Neurology.tar
BCAM_P50895_OID21076_v1_Neurology/discovery_chr22_BCAM:P50895:OID21076:v1:Neurology.gz	22	7205961	CHROM GENPOS ID ALLELE0 ALLELE1 A1FREQ INFO N TEST BETA SE CHISQ LOG10P EXTRA	True	208779	22	22	14	14	True	BCAM	OID21076	BCAM_P50895_OID21076_v1_Neurology.tar
CD55_P08174_OID20377_v1_Cardiometabolic/discovery_chr1_CD55:P08174:OID20377:v1:Cardiometabolic.gz	1	41144697	CHROM GENPOS ID ALLELE0 ALLELE1 A1FREQ INFO N TEST BETA SE CHISQ LOG10P EXTRA	True	1201994	1	1	14	14	True	CD55	OID20377	CD55_P08174_OID20377_v1_Cardiometabolic.tar
CD55_P08174_OID20377_v1_Cardiometabolic/discovery_chr2_CD55:P08174:OID20377:v1:Cardiometabolic.gz	2	44840027	CHROM GENPOS ID ALLELE0 ALLELE1 A1FREQ INFO N TEST BETA SE CHISQ LOG10P EXTRA	True	1308139	2	2	14	14	True	CD55	OID20377	CD55_P08174_OID20377_v1_Cardiometabolic.tar
CD55_P08174_OID20377_v1_Cardiometabolic/discovery_chr3_CD55:P08174:OID20377:v1:Cardiometabolic.gz	3	37662478	CHROM GENPOS ID ALLELE0 ALLELE1 A1FREQ INFO N TEST BETA SE CHISQ LOG10P EXTRA	True	1102478	3	3	14	14	True	CD55	OID20377	CD55_P08174_OID20377_v1_Cardiometabolic.tar
CD55_P08174_OID20377_v1_Cardiometabolic/discovery_chr4_CD55:P08174:OID20377:v1:Cardiometabolic.gz	4	37928639	CHROM GENPOS ID ALLELE0 ALLELE1 A1FREQ INFO N TEST BETA SE CHISQ LOG10P EXTRA	True	1113477	4	4	14	14	True	CD55	OID20377	CD55_P08174_OID20377_v1_Cardiometabolic.tar
CD55_P08174_OID20377_v1_Cardiometabolic/discovery_chr5_CD55:P08174:OID20377:v1:Cardiometabolic.gz	5	34289282	CHROM GENPOS ID ALLELE0 ALLELE1 A1FREQ INFO N TEST BETA SE CHISQ LOG10P EXTRA	True	1002234	5	5	14	14	True	CD55	OID20377	CD55_P08174_OID20377_v1_Cardiometabolic.tar
CD55_P08174_OID20377_v1_Cardiometabolic/discovery_chr6_CD55:P08174:OID20377:v1:Cardiometabolic.gz	6	34641560	CHROM GENPOS ID ALLELE0 ALLELE1 A1FREQ INFO N TEST BETA SE CHISQ LOG10P EXTRA	True	1022349	6	6	14	14	True	CD55	OID20377	CD55_P08174_OID20377_v1_Cardiometabolic.tar
CD55_P08174_OID20377_v1_Cardiometabolic/discovery_chr7_CD55:P08174:OID20377:v1:Cardiometabolic.gz	7	30789930	CHROM GENPOS ID ALLELE0 ALLELE1 A1FREQ INFO N TEST BETA SE CHISQ LOG10P EXTRA	True	900227	7	7	14	14	True	CD55	OID20377	CD55_P08174_OID20377_v1_Cardiometabolic.tar
CD55_P08174_OID20377_v1_Cardiometabolic/discovery_chr8_CD55:P08174:OID20377:v1:Cardiometabolic.gz	8	29197711	CHROM GENPOS ID ALLELE0 ALLELE1 A1FREQ INFO N TEST BETA SE CHISQ LOG10P EXTRA	True	856279	8	8	14	14	True	CD55	OID20377	CD55_P08174_OID20377_v1_Cardiometabolic.tar
CD55_P08174_OID20377_v1_Cardiometabolic/discovery_chr9_CD55:P08174:OID20377:v1:Cardiometabolic.gz	9	22837287	CHROM GENPOS ID ALLELE0 ALLELE1 A1FREQ INFO N TEST BETA SE CHISQ LOG10P EXTRA	True	669777	9	9	14	14	True	CD55	OID20377	CD55_P08174_OID20377_v1_Cardiometabolic.tar
CD55_P08174_OID20377_v1_Cardiometabolic/discovery_chrX_CD55:P08174:OID20377:v1:Cardiometabolic.gz	X	17119522	CHROM GENPOS ID ALLELE0 ALLELE1 A1FREQ INFO N TEST BETA SE CHISQ LOG10P EXTRA	True	502202	23	23	14	14	True	CD55	OID20377	CD55_P08174_OID20377_v1_Cardiometabolic.tar
CD55_P08174_OID20377_v1_Cardiometabolic/discovery_chr10_CD55:P08174:OID20377:v1:Cardiometabolic.gz	10	26664770	CHROM GENPOS ID ALLELE0 ALLELE1 A1FREQ INFO N TEST BETA SE CHISQ LOG10P EXTRA	True	779094	10	10	14	14	True	CD55	OID20377	CD55_P08174_OID20377_v1_Cardiometabolic.tar
CD55_P08174_OID20377_v1_Cardiometabolic/discovery_chr11_CD55:P08174:OID20377:v1:Cardiometabolic.gz	11	25999076	CHROM GENPOS ID ALLELE0 ALLELE1 A1FREQ INFO N TEST BETA SE CHISQ LOG10P EXTRA	True	760584	11	11	14	14	True	CD55	OID20377	CD55_P08174_OID20377_v1_Cardiometabolic.tar
CD55_P08174_OID20377_v1_Cardiometabolic/discovery_chr12_CD55:P08174:OID20377:v1:Cardiometabolic.gz	12	25049587	CHROM GENPOS ID ALLELE0 ALLELE1 A1FREQ INFO N TEST BETA SE CHISQ LOG10P EXTRA	True	730274	12	12	14	14	True	CD55	OID20377	CD55_P08174_OID20377_v1_Cardiometabolic.tar
CD55_P08174_OID20377_v1_Cardiometabolic/discovery_chr13_CD55:P08174:OID20377:v1:Cardiometabolic.gz	13	19034713	CHROM GENPOS ID ALLELE0 ALLELE1 A1FREQ INFO N TEST BETA SE CHISQ LOG10P EXTRA	True	555176	13	13	14	14	True	CD55	OID20377	CD55_P08174_OID20377_v1_Cardiometabolic.tar
CD55_P08174_OID20377_v1_Cardiometabolic/discovery_chr14_CD55:P08174:OID20377:v1:Cardiometabolic.gz	14	17117800	CHROM GENPOS ID ALLELE0 ALLELE1 A1FREQ INFO N TEST BETA SE CHISQ LOG10P EXTRA	True	498020	14	14	14	14	True	CD55	OID20377	CD55_P08174_OID20377_v1_Cardiometabolic.tar
CD55_P08174_OID20377_v1_Cardiometabolic/discovery_chr15_CD55:P08174:OID20377:v1:Cardiometabolic.gz	15	15131805	CHROM GENPOS ID ALLELE0 ALLELE1 A1FREQ INFO N TEST BETA SE CHISQ LOG10P EXTRA	True	438987	15	15	14	14	True	CD55	OID20377	CD55_P08174_OID20377_v1_Cardiometabolic.tar
CD55_P08174_OID20377_v1_Cardiometabolic/discovery_chr16_CD55:P08174:OID20377:v1:Cardiometabolic.gz	16	16659289	CHROM GENPOS ID ALLELE0 ALLELE1 A1FREQ INFO N TEST BETA SE CHISQ LOG10P EXTRA	True	483506	16	16	14	14	True	CD55	OID20377	CD55_P08174_OID20377_v1_Cardiometabolic.tar
CD55_P08174_OID20377_v1_Cardiometabolic/discovery_chr17_CD55:P08174:OID20377:v1:Cardiometabolic.gz	17	14509832	CHROM GENPOS ID ALLELE0 ALLELE1 A1FREQ INFO N TEST BETA SE CHISQ LOG10P EXTRA	True	421149	17	17	14	14	True	CD55	OID20377	CD55_P08174_OID20377_v1_Cardiometabolic.tar
CD55_P08174_OID20377_v1_Cardiometabolic/discovery_chr18_CD55:P08174:OID20377:v1:Cardiometabolic.gz	18	14963548	CHROM GENPOS ID ALLELE0 ALLELE1 A1FREQ INFO N TEST BETA SE CHISQ LOG10P EXTRA	True	436590	18	18	14	14	True	CD55	OID20377	CD55_P08174_OID20377_v1_Cardiometabolic.tar
CD55_P08174_OID20377_v1_Cardiometabolic/discovery_chr19_CD55:P08174:OID20377:v1:Cardiometabolic.gz	19	12095737	CHROM GENPOS ID ALLELE0 ALLELE1 A1FREQ INFO N TEST BETA SE CHISQ LOG10P EXTRA	True	352352	19	19	14	14	True	CD55	OID20377	CD55_P08174_OID20377_v1_Cardiometabolic.tar
CD55_P08174_OID20377_v1_Cardiometabolic/discovery_chr20_CD55:P08174:OID20377:v1:Cardiometabolic.gz	20	11760461	CHROM GENPOS ID ALLELE0 ALLELE1 A1FREQ INFO N TEST BETA SE CHISQ LOG10P EXTRA	True	341662	20	20	14	14	True	CD55	OID20377	CD55_P08174_OID20377_v1_Cardiometabolic.tar
CD55_P08174_OID20377_v1_Cardiometabolic/discovery_chr21_CD55:P08174:OID20377:v1:Cardiometabolic.gz	21	7112942	CHROM GENPOS ID ALLELE0 ALLELE1 A1FREQ INFO N TEST BETA SE CHISQ LOG10P EXTRA	True	206753	21	21	14	14	True	CD55	OID20377	CD55_P08174_OID20377_v1_Cardiometabolic.tar
CD55_P08174_OID20377_v1_Cardiometabolic/discovery_chr22_CD55:P08174:OID20377:v1:Cardiometabolic.gz	22	7150263	CHROM GENPOS ID ALLELE0 ALLELE1 A1FREQ INFO N TEST BETA SE CHISQ LOG10P EXTRA	True	207272	22	22	14	14	True	CD55	OID20377	CD55_P08174_OID20377_v1_Cardiometabolic.tar
LILRB1_Q8NHL6_OID20323_v1_Cardiometabolic/discovery_chr1_LILRB1:Q8NHL6:OID20323:v1:Cardiometabolic.gz	1	41640923	CHROM GENPOS ID ALLELE0 ALLELE1 A1FREQ INFO N TEST BETA SE CHISQ LOG10P EXTRA	True	1214138	1	1	14	14	True	LILRB1	OID20323	LILRB1_Q8NHL6_OID20323_v1_Cardiometabolic.tar
LILRB1_Q8NHL6_OID20323_v1_Cardiometabolic/discovery_chr2_LILRB1:Q8NHL6:OID20323:v1:Cardiometabolic.gz	2	45386144	CHROM GENPOS ID ALLELE0 ALLELE1 A1FREQ INFO N TEST BETA SE CHISQ LOG10P EXTRA	True	1322069	2	2	14	14	True	LILRB1	OID20323	LILRB1_Q8NHL6_OID20323_v1_Cardiometabolic.tar
LILRB1_Q8NHL6_OID20323_v1_Cardiometabolic/discovery_chr3_LILRB1:Q8NHL6:OID20323:v1:Cardiometabolic.gz	3	38124515	CHROM GENPOS ID ALLELE0 ALLELE1 A1FREQ INFO N TEST BETA SE CHISQ LOG10P EXTRA	True	1114223	3	3	14	14	True	LILRB1	OID20323	LILRB1_Q8NHL6_OID20323_v1_Cardiometabolic.tar
LILRB1_Q8NHL6_OID20323_v1_Cardiometabolic/discovery_chr4_LILRB1:Q8NHL6:OID20323:v1:Cardiometabolic.gz	4	38367685	CHROM GENPOS ID ALLELE0 ALLELE1 A1FREQ INFO N TEST BETA SE CHISQ LOG10P EXTRA	True	1124837	4	4	14	14	True	LILRB1	OID20323	LILRB1_Q8NHL6_OID20323_v1_Cardiometabolic.tar
LILRB1_Q8NHL6_OID20323_v1_Cardiometabolic/discovery_chr5_LILRB1:Q8NHL6:OID20323:v1:Cardiometabolic.gz	5	34690029	CHROM GENPOS ID ALLELE0 ALLELE1 A1FREQ INFO N TEST BETA SE CHISQ LOG10P EXTRA	True	1012489	5	5	14	14	True	LILRB1	OID20323	LILRB1_Q8NHL6_OID20323_v1_Cardiometabolic.tar
LILRB1_Q8NHL6_OID20323_v1_Cardiometabolic/discovery_chr6_LILRB1:Q8NHL6:OID20323:v1:Cardiometabolic.gz	6	35038562	CHROM GENPOS ID ALLELE0 ALLELE1 A1FREQ INFO N TEST BETA SE CHISQ LOG10P EXTRA	True	1032310	6	6	14	14	True	LILRB1	OID20323	LILRB1_Q8NHL6_OID20323_v1_Cardiometabolic.tar
LILRB1_Q8NHL6_OID20323_v1_Cardiometabolic/discovery_chr7_LILRB1:Q8NHL6:OID20323:v1:Cardiometabolic.gz	7	31139357	CHROM GENPOS ID ALLELE0 ALLELE1 A1FREQ INFO N TEST BETA SE CHISQ LOG10P EXTRA	True	909186	7	7	14	14	True	LILRB1	OID20323	LILRB1_Q8NHL6_OID20323_v1_Cardiometabolic.tar
LILRB1_Q8NHL6_OID20323_v1_Cardiometabolic/discovery_chr8_LILRB1:Q8NHL6:OID20323:v1:Cardiometabolic.gz	8	29545289	CHROM GENPOS ID ALLELE0 ALLELE1 A1FREQ INFO N TEST BETA SE CHISQ LOG10P EXTRA	True	865157	8	8	14	14	True	LILRB1	OID20323	LILRB1_Q8NHL6_OID20323_v1_Cardiometabolic.tar
LILRB1_Q8NHL6_OID20323_v1_Cardiometabolic/discovery_chr9_LILRB1:Q8NHL6:OID20323:v1:Cardiometabolic.gz	9	23128695	CHROM GENPOS ID ALLELE0 ALLELE1 A1FREQ INFO N TEST BETA SE CHISQ LOG10P EXTRA	True	677293	9	9	14	14	True	LILRB1	OID20323	LILRB1_Q8NHL6_OID20323_v1_Cardiometabolic.tar
LILRB1_Q8NHL6_OID20323_v1_Cardiometabolic/discovery_chrX_LILRB1:Q8NHL6:OID20323:v1:Cardiometabolic.gz	X	17340166	CHROM GENPOS ID ALLELE0 ALLELE1 A1FREQ INFO N TEST BETA SE CHISQ LOG10P EXTRA	True	508013	23	23	14	14	True	LILRB1	OID20323	LILRB1_Q8NHL6_OID20323_v1_Cardiometabolic.tar
LILRB1_Q8NHL6_OID20323_v1_Cardiometabolic/discovery_chr10_LILRB1:Q8NHL6:OID20323:v1:Cardiometabolic.gz	10	26977441	CHROM GENPOS ID ALLELE0 ALLELE1 A1FREQ INFO N TEST BETA SE CHISQ LOG10P EXTRA	True	786871	10	10	14	14	True	LILRB1	OID20323	LILRB1_Q8NHL6_OID20323_v1_Cardiometabolic.tar
LILRB1_Q8NHL6_OID20323_v1_Cardiometabolic/discovery_chr11_LILRB1:Q8NHL6:OID20323:v1:Cardiometabolic.gz	11	26314278	CHROM GENPOS ID ALLELE0 ALLELE1 A1FREQ INFO N TEST BETA SE CHISQ LOG10P EXTRA	True	768353	11	11	14	14	True	LILRB1	OID20323	LILRB1_Q8NHL6_OID20323_v1_Cardiometabolic.tar
LILRB1_Q8NHL6_OID20323_v1_Cardiometabolic/discovery_chr12_LILRB1:Q8NHL6:OID20323:v1:Cardiometabolic.gz	12	25337190	CHROM GENPOS ID ALLELE0 ALLELE1 A1FREQ INFO N TEST BETA SE CHISQ LOG10P EXTRA	True	737388	12	12	14	14	True	LILRB1	OID20323	LILRB1_Q8NHL6_OID20323_v1_Cardiometabolic.tar
LILRB1_Q8NHL6_OID20323_v1_Cardiometabolic/discovery_chr13_LILRB1:Q8NHL6:OID20323:v1:Cardiometabolic.gz	13	19245756	CHROM GENPOS ID ALLELE0 ALLELE1 A1FREQ INFO N TEST BETA SE CHISQ LOG10P EXTRA	True	560492	13	13	14	14	True	LILRB1	OID20323	LILRB1_Q8NHL6_OID20323_v1_Cardiometabolic.tar
LILRB1_Q8NHL6_OID20323_v1_Cardiometabolic/discovery_chr14_LILRB1:Q8NHL6:OID20323:v1:Cardiometabolic.gz	14	17307733	CHROM GENPOS ID ALLELE0 ALLELE1 A1FREQ INFO N TEST BETA SE CHISQ LOG10P EXTRA	True	502751	14	14	14	14	True	LILRB1	OID20323	LILRB1_Q8NHL6_OID20323_v1_Cardiometabolic.tar
LILRB1_Q8NHL6_OID20323_v1_Cardiometabolic/discovery_chr15_LILRB1:Q8NHL6:OID20323:v1:Cardiometabolic.gz	15	15304166	CHROM GENPOS ID ALLELE0 ALLELE1 A1FREQ INFO N TEST BETA SE CHISQ LOG10P EXTRA	True	443373	15	15	14	14	True	LILRB1	OID20323	LILRB1_Q8NHL6_OID20323_v1_Cardiometabolic.tar
LILRB1_Q8NHL6_OID20323_v1_Cardiometabolic/discovery_chr16_LILRB1:Q8NHL6:OID20323:v1:Cardiometabolic.gz	16	16857506	CHROM GENPOS ID ALLELE0 ALLELE1 A1FREQ INFO N TEST BETA SE CHISQ LOG10P EXTRA	True	488667	16	16	14	14	True	LILRB1	OID20323	LILRB1_Q8NHL6_OID20323_v1_Cardiometabolic.tar
LILRB1_Q8NHL6_OID20323_v1_Cardiometabolic/discovery_chr17_LILRB1:Q8NHL6:OID20323:v1:Cardiometabolic.gz	17	14691519	CHROM GENPOS ID ALLELE0 ALLELE1 A1FREQ INFO N TEST BETA SE CHISQ LOG10P EXTRA	True	425846	17	17	14	14	True	LILRB1	OID20323	LILRB1_Q8NHL6_OID20323_v1_Cardiometabolic.tar
LILRB1_Q8NHL6_OID20323_v1_Cardiometabolic/discovery_chr18_LILRB1:Q8NHL6:OID20323:v1:Cardiometabolic.gz	18	15136562	CHROM GENPOS ID ALLELE0 ALLELE1 A1FREQ INFO N TEST BETA SE CHISQ LOG10P EXTRA	True	441149	18	18	14	14	True	LILRB1	OID20323	LILRB1_Q8NHL6_OID20323_v1_Cardiometabolic.tar
LILRB1_Q8NHL6_OID20323_v1_Cardiometabolic/discovery_chr19_LILRB1:Q8NHL6:OID20323:v1:Cardiometabolic.gz	19	12210255	CHROM GENPOS ID ALLELE0 ALLELE1 A1FREQ INFO N TEST BETA SE CHISQ LOG10P EXTRA	True	355694	19	19	14	14	True	LILRB1	OID20323	LILRB1_Q8NHL6_OID20323_v1_Cardiometabolic.tar
LILRB1_Q8NHL6_OID20323_v1_Cardiometabolic/discovery_chr20_LILRB1:Q8NHL6:OID20323:v1:Cardiometabolic.gz	20	11892164	CHROM GENPOS ID ALLELE0 ALLELE1 A1FREQ INFO N TEST BETA SE CHISQ LOG10P EXTRA	True	345072	20	20	14	14	True	LILRB1	OID20323	LILRB1_Q8NHL6_OID20323_v1_Cardiometabolic.tar
LILRB1_Q8NHL6_OID20323_v1_Cardiometabolic/discovery_chr21_LILRB1:Q8NHL6:OID20323:v1:Cardiometabolic.gz	21	7193082	CHROM GENPOS ID ALLELE0 ALLELE1 A1FREQ INFO N TEST BETA SE CHISQ LOG10P EXTRA	True	208803	21	21	14	14	True	LILRB1	OID20323	LILRB1_Q8NHL6_OID20323_v1_Cardiometabolic.tar
LILRB1_Q8NHL6_OID20323_v1_Cardiometabolic/discovery_chr22_LILRB1:Q8NHL6:OID20323:v1:Cardiometabolic.gz	22	7227961	CHROM GENPOS ID ALLELE0 ALLELE1 A1FREQ INFO N TEST BETA SE CHISQ LOG10P EXTRA	True	209231	22	22	14	14	True	LILRB1	OID20323	LILRB1_Q8NHL6_OID20323_v1_Cardiometabolic.tar
LILRB5_O75023_OID20324_v1_Cardiometabolic/discovery_chr1_LILRB5:O75023:OID20324:v1:Cardiometabolic.gz	1	41710505	CHROM GENPOS ID ALLELE0 ALLELE1 A1FREQ INFO N TEST BETA SE CHISQ LOG10P EXTRA	True	1214138	1	1	14	14	True	LILRB5	OID20324	LILRB5_O75023_OID20324_v1_Cardiometabolic.tar
LILRB5_O75023_OID20324_v1_Cardiometabolic/discovery_chr2_LILRB5:O75023:OID20324:v1:Cardiometabolic.gz	2	45450390	CHROM GENPOS ID ALLELE0 ALLELE1 A1FREQ INFO N TEST BETA SE CHISQ LOG10P EXTRA	True	1322069	2	2	14	14	True	LILRB5	OID20324	LILRB5_O75023_OID20324_v1_Cardiometabolic.tar
LILRB5_O75023_OID20324_v1_Cardiometabolic/discovery_chr3_LILRB5:O75023:OID20324:v1:Cardiometabolic.gz	3	38184582	CHROM GENPOS ID ALLELE0 ALLELE1 A1FREQ INFO N TEST BETA SE CHISQ LOG10P EXTRA	True	1114223	3	3	14	14	True	LILRB5	OID20324	LILRB5_O75023_OID20324_v1_Cardiometabolic.tar
LILRB5_O75023_OID20324_v1_Cardiometabolic/discovery_chr4_LILRB5:O75023:OID20324:v1:Cardiometabolic.gz	4	38431439	CHROM GENPOS ID ALLELE0 ALLELE1 A1FREQ INFO N TEST BETA SE CHISQ LOG10P EXTRA	True	1124837	4	4	14	14	True	LILRB5	OID20324	LILRB5_O75023_OID20324_v1_Cardiometabolic.tar
LILRB5_O75023_OID20324_v1_Cardiometabolic/discovery_chr5_LILRB5:O75023:OID20324:v1:Cardiometabolic.gz	5	34741095	CHROM GENPOS ID ALLELE0 ALLELE1 A1FREQ INFO N TEST BETA SE CHISQ LOG10P EXTRA	True	1012489	5	5	14	14	True	LILRB5	OID20324	LILRB5_O75023_OID20324_v1_Cardiometabolic.tar
LILRB5_O75023_OID20324_v1_Cardiometabolic/discovery_chr6_LILRB5:O75023:OID20324:v1:Cardiometabolic.gz	6	35099437	CHROM GENPOS ID ALLELE0 ALLELE1 A1FREQ INFO N TEST BETA SE CHISQ LOG10P EXTRA	True	1032310	6	6	14	14	True	LILRB5	OID20324	LILRB5_O75023_OID20324_v1_Cardiometabolic.tar
LILRB5_O75023_OID20324_v1_Cardiometabolic/discovery_chr7_LILRB5:O75023:OID20324:v1:Cardiometabolic.gz	7	31189083	CHROM GENPOS ID ALLELE0 ALLELE1 A1FREQ INFO N TEST BETA SE CHISQ LOG10P EXTRA	True	909186	7	7	14	14	True	LILRB5	OID20324	LILRB5_O75023_OID20324_v1_Cardiometabolic.tar
LILRB5_O75023_OID20324_v1_Cardiometabolic/discovery_chr8_LILRB5:O75023:OID20324:v1:Cardiometabolic.gz	8	29592778	CHROM GENPOS ID ALLELE0 ALLELE1 A1FREQ INFO N TEST BETA SE CHISQ LOG10P EXTRA	True	865157	8	8	14	14	True	LILRB5	OID20324	LILRB5_O75023_OID20324_v1_Cardiometabolic.tar
LILRB5_O75023_OID20324_v1_Cardiometabolic/discovery_chr9_LILRB5:O75023:OID20324:v1:Cardiometabolic.gz	9	23167683	CHROM GENPOS ID ALLELE0 ALLELE1 A1FREQ INFO N TEST BETA SE CHISQ LOG10P EXTRA	True	677293	9	9	14	14	True	LILRB5	OID20324	LILRB5_O75023_OID20324_v1_Cardiometabolic.tar
LILRB5_O75023_OID20324_v1_Cardiometabolic/discovery_chrX_LILRB5:O75023:OID20324:v1:Cardiometabolic.gz	X	17326083	CHROM GENPOS ID ALLELE0 ALLELE1 A1FREQ INFO N TEST BETA SE CHISQ LOG10P EXTRA	True	508013	23	23	14	14	True	LILRB5	OID20324	LILRB5_O75023_OID20324_v1_Cardiometabolic.tar
LILRB5_O75023_OID20324_v1_Cardiometabolic/discovery_chr10_LILRB5:O75023:OID20324:v1:Cardiometabolic.gz	10	27015358	CHROM GENPOS ID ALLELE0 ALLELE1 A1FREQ INFO N TEST BETA SE CHISQ LOG10P EXTRA	True	786871	10	10	14	14	True	LILRB5	OID20324	LILRB5_O75023_OID20324_v1_Cardiometabolic.tar
LILRB5_O75023_OID20324_v1_Cardiometabolic/discovery_chr11_LILRB5:O75023:OID20324:v1:Cardiometabolic.gz	11	26354614	CHROM GENPOS ID ALLELE0 ALLELE1 A1FREQ INFO N TEST BETA SE CHISQ LOG10P EXTRA	True	768353	11	11	14	14	True	LILRB5	OID20324	LILRB5_O75023_OID20324_v1_Cardiometabolic.tar
LILRB5_O75023_OID20324_v1_Cardiometabolic/discovery_chr12_LILRB5:O75023:OID20324:v1:Cardiometabolic.gz	12	25380021	CHROM GENPOS ID ALLELE0 ALLELE1 A1FREQ INFO N TEST BETA SE CHISQ LOG10P EXTRA	True	737388	12	12	14	14	True	LILRB5	OID20324	LILRB5_O75023_OID20324_v1_Cardiometabolic.tar
LILRB5_O75023_OID20324_v1_Cardiometabolic/discovery_chr13_LILRB5:O75023:OID20324:v1:Cardiometabolic.gz	13	19273051	CHROM GENPOS ID ALLELE0 ALLELE1 A1FREQ INFO N TEST BETA SE CHISQ LOG10P EXTRA	True	560492	13	13	14	14	True	LILRB5	OID20324	LILRB5_O75023_OID20324_v1_Cardiometabolic.tar
LILRB5_O75023_OID20324_v1_Cardiometabolic/discovery_chr14_LILRB5:O75023:OID20324:v1:Cardiometabolic.gz	14	17337011	CHROM GENPOS ID ALLELE0 ALLELE1 A1FREQ INFO N TEST BETA SE CHISQ LOG10P EXTRA	True	502751	14	14	14	14	True	LILRB5	OID20324	LILRB5_O75023_OID20324_v1_Cardiometabolic.tar
LILRB5_O75023_OID20324_v1_Cardiometabolic/discovery_chr15_LILRB5:O75023:OID20324:v1:Cardiometabolic.gz	15	15328978	CHROM GENPOS ID ALLELE0 ALLELE1 A1FREQ INFO N TEST BETA SE CHISQ LOG10P EXTRA	True	443373	15	15	14	14	True	LILRB5	OID20324	LILRB5_O75023_OID20324_v1_Cardiometabolic.tar
LILRB5_O75023_OID20324_v1_Cardiometabolic/discovery_chr16_LILRB5:O75023:OID20324:v1:Cardiometabolic.gz	16	16886136	CHROM GENPOS ID ALLELE0 ALLELE1 A1FREQ INFO N TEST BETA SE CHISQ LOG10P EXTRA	True	488667	16	16	14	14	True	LILRB5	OID20324	LILRB5_O75023_OID20324_v1_Cardiometabolic.tar
LILRB5_O75023_OID20324_v1_Cardiometabolic/discovery_chr17_LILRB5:O75023:OID20324:v1:Cardiometabolic.gz	17	14716145	CHROM GENPOS ID ALLELE0 ALLELE1 A1FREQ INFO N TEST BETA SE CHISQ LOG10P EXTRA	True	425846	17	17	14	14	True	LILRB5	OID20324	LILRB5_O75023_OID20324_v1_Cardiometabolic.tar
LILRB5_O75023_OID20324_v1_Cardiometabolic/discovery_chr18_LILRB5:O75023:OID20324:v1:Cardiometabolic.gz	18	15162470	CHROM GENPOS ID ALLELE0 ALLELE1 A1FREQ INFO N TEST BETA SE CHISQ LOG10P EXTRA	True	441149	18	18	14	14	True	LILRB5	OID20324	LILRB5_O75023_OID20324_v1_Cardiometabolic.tar
LILRB5_O75023_OID20324_v1_Cardiometabolic/discovery_chr19_LILRB5:O75023:OID20324:v1:Cardiometabolic.gz	19	12204920	CHROM GENPOS ID ALLELE0 ALLELE1 A1FREQ INFO N TEST BETA SE CHISQ LOG10P EXTRA	True	355694	19	19	14	14	True	LILRB5	OID20324	LILRB5_O75023_OID20324_v1_Cardiometabolic.tar
LILRB5_O75023_OID20324_v1_Cardiometabolic/discovery_chr20_LILRB5:O75023:OID20324:v1:Cardiometabolic.gz	20	11911520	CHROM GENPOS ID ALLELE0 ALLELE1 A1FREQ INFO N TEST BETA SE CHISQ LOG10P EXTRA	True	345072	20	20	14	14	True	LILRB5	OID20324	LILRB5_O75023_OID20324_v1_Cardiometabolic.tar
LILRB5_O75023_OID20324_v1_Cardiometabolic/discovery_chr21_LILRB5:O75023:OID20324:v1:Cardiometabolic.gz	21	7206846	CHROM GENPOS ID ALLELE0 ALLELE1 A1FREQ INFO N TEST BETA SE CHISQ LOG10P EXTRA	True	208803	21	21	14	14	True	LILRB5	OID20324	LILRB5_O75023_OID20324_v1_Cardiometabolic.tar
LILRB5_O75023_OID20324_v1_Cardiometabolic/discovery_chr22_LILRB5:O75023:OID20324:v1:Cardiometabolic.gz	22	7241382	CHROM GENPOS ID ALLELE0 ALLELE1 A1FREQ INFO N TEST BETA SE CHISQ LOG10P EXTRA	True	209231	22	22	14	14	True	LILRB5	OID20324	LILRB5_O75023_OID20324_v1_Cardiometabolic.tar
SCARA5_Q6ZMJ2_OID21058_v1_Neurology/discovery_chr1_SCARA5:Q6ZMJ2:OID21058:v1:Neurology.gz	1	41581090	CHROM GENPOS ID ALLELE0 ALLELE1 A1FREQ INFO N TEST BETA SE CHISQ LOG10P EXTRA	True	1213408	1	1	14	14	True	SCARA5	OID21058	SCARA5_Q6ZMJ2_OID21058_v1_Neurology.tar
SCARA5_Q6ZMJ2_OID21058_v1_Neurology/discovery_chr2_SCARA5:Q6ZMJ2:OID21058:v1:Neurology.gz	2	45314135	CHROM GENPOS ID ALLELE0 ALLELE1 A1FREQ INFO N TEST BETA SE CHISQ LOG10P EXTRA	True	1320947	2	2	14	14	True	SCARA5	OID21058	SCARA5_Q6ZMJ2_OID21058_v1_Neurology.tar
SCARA5_Q6ZMJ2_OID21058_v1_Neurology/discovery_chr3_SCARA5:Q6ZMJ2:OID21058:v1:Neurology.gz	3	38062885	CHROM GENPOS ID ALLELE0 ALLELE1 A1FREQ INFO N TEST BETA SE CHISQ LOG10P EXTRA	True	1113213	3	3	14	14	True	SCARA5	OID21058	SCARA5_Q6ZMJ2_OID21058_v1_Neurology.tar
SCARA5_Q6ZMJ2_OID21058_v1_Neurology/discovery_chr4_SCARA5:Q6ZMJ2:OID21058:v1:Neurology.gz	4	38312683	CHROM GENPOS ID ALLELE0 ALLELE1 A1FREQ INFO N TEST BETA SE CHISQ LOG10P EXTRA	True	1123738	4	4	14	14	True	SCARA5	OID21058	SCARA5_Q6ZMJ2_OID21058_v1_Neurology.tar
SCARA5_Q6ZMJ2_OID21058_v1_Neurology/discovery_chr5_SCARA5:Q6ZMJ2:OID21058:v1:Neurology.gz	5	34643853	CHROM GENPOS ID ALLELE0 ALLELE1 A1FREQ INFO N TEST BETA SE CHISQ LOG10P EXTRA	True	1011847	5	5	14	14	True	SCARA5	OID21058	SCARA5_Q6ZMJ2_OID21058_v1_Neurology.tar
SCARA5_Q6ZMJ2_OID21058_v1_Neurology/discovery_chr6_SCARA5:Q6ZMJ2:OID21058:v1:Neurology.gz	6	34999920	CHROM GENPOS ID ALLELE0 ALLELE1 A1FREQ INFO N TEST BETA SE CHISQ LOG10P EXTRA	True	1031562	6	6	14	14	True	SCARA5	OID21058	SCARA5_Q6ZMJ2_OID21058_v1_Neurology.tar
SCARA5_Q6ZMJ2_OID21058_v1_Neurology/discovery_chr7_SCARA5:Q6ZMJ2:OID21058:v1:Neurology.gz	7	31100420	CHROM GENPOS ID ALLELE0 ALLELE1 A1FREQ INFO N TEST BETA SE CHISQ LOG10P EXTRA	True	908553	7	7	14	14	True	SCARA5	OID21058	SCARA5_Q6ZMJ2_OID21058_v1_Neurology.tar
SCARA5_Q6ZMJ2_OID21058_v1_Neurology/discovery_chr8_SCARA5:Q6ZMJ2:OID21058:v1:Neurology.gz	8	29501640	CHROM GENPOS ID ALLELE0 ALLELE1 A1FREQ INFO N TEST BETA SE CHISQ LOG10P EXTRA	True	864498	8	8	14	14	True	SCARA5	OID21058	SCARA5_Q6ZMJ2_OID21058_v1_Neurology.tar
SCARA5_Q6ZMJ2_OID21058_v1_Neurology/discovery_chr9_SCARA5:Q6ZMJ2:OID21058:v1:Neurology.gz	9	23091592	CHROM GENPOS ID ALLELE0 ALLELE1 A1FREQ INFO N TEST BETA SE CHISQ LOG10P EXTRA	True	676533	9	9	14	14	True	SCARA5	OID21058	SCARA5_Q6ZMJ2_OID21058_v1_Neurology.tar
SCARA5_Q6ZMJ2_OID21058_v1_Neurology/discovery_chrX_SCARA5:Q6ZMJ2:OID21058:v1:Neurology.gz	X	17318887	CHROM GENPOS ID ALLELE0 ALLELE1 A1FREQ INFO N TEST BETA SE CHISQ LOG10P EXTRA	True	507581	23	23	14	14	True	SCARA5	OID21058	SCARA5_Q6ZMJ2_OID21058_v1_Neurology.tar
SCARA5_Q6ZMJ2_OID21058_v1_Neurology/discovery_chr10_SCARA5:Q6ZMJ2:OID21058:v1:Neurology.gz	10	26933120	CHROM GENPOS ID ALLELE0 ALLELE1 A1FREQ INFO N TEST BETA SE CHISQ LOG10P EXTRA	True	786189	10	10	14	14	True	SCARA5	OID21058	SCARA5_Q6ZMJ2_OID21058_v1_Neurology.tar
SCARA5_Q6ZMJ2_OID21058_v1_Neurology/discovery_chr11_SCARA5:Q6ZMJ2:OID21058:v1:Neurology.gz	11	26272780	CHROM GENPOS ID ALLELE0 ALLELE1 A1FREQ INFO N TEST BETA SE CHISQ LOG10P EXTRA	True	767815	11	11	14	14	True	SCARA5	OID21058	SCARA5_Q6ZMJ2_OID21058_v1_Neurology.tar
SCARA5_Q6ZMJ2_OID21058_v1_Neurology/discovery_chr12_SCARA5:Q6ZMJ2:OID21058:v1:Neurology.gz	12	25304850	CHROM GENPOS ID ALLELE0 ALLELE1 A1FREQ INFO N TEST BETA SE CHISQ LOG10P EXTRA	True	736855	12	12	14	14	True	SCARA5	OID21058	SCARA5_Q6ZMJ2_OID21058_v1_Neurology.tar
SCARA5_Q6ZMJ2_OID21058_v1_Neurology/discovery_chr13_SCARA5:Q6ZMJ2:OID21058:v1:Neurology.gz	13	19210213	CHROM GENPOS ID ALLELE0 ALLELE1 A1FREQ INFO N TEST BETA SE CHISQ LOG10P EXTRA	True	559919	13	13	14	14	True	SCARA5	OID21058	SCARA5_Q6ZMJ2_OID21058_v1_Neurology.tar
SCARA5_Q6ZMJ2_OID21058_v1_Neurology/discovery_chr14_SCARA5:Q6ZMJ2:OID21058:v1:Neurology.gz	14	17287058	CHROM GENPOS ID ALLELE0 ALLELE1 A1FREQ INFO N TEST BETA SE CHISQ LOG10P EXTRA	True	502410	14	14	14	14	True	SCARA5	OID21058	SCARA5_Q6ZMJ2_OID21058_v1_Neurology.tar
SCARA5_Q6ZMJ2_OID21058_v1_Neurology/discovery_chr15_SCARA5:Q6ZMJ2:OID21058:v1:Neurology.gz	15	15278085	CHROM GENPOS ID ALLELE0 ALLELE1 A1FREQ INFO N TEST BETA SE CHISQ LOG10P EXTRA	True	442952	15	15	14	14	True	SCARA5	OID21058	SCARA5_Q6ZMJ2_OID21058_v1_Neurology.tar
SCARA5_Q6ZMJ2_OID21058_v1_Neurology/discovery_chr16_SCARA5:Q6ZMJ2:OID21058:v1:Neurology.gz	16	16837982	CHROM GENPOS ID ALLELE0 ALLELE1 A1FREQ INFO N TEST BETA SE CHISQ LOG10P EXTRA	True	488224	16	16	14	14	True	SCARA5	OID21058	SCARA5_Q6ZMJ2_OID21058_v1_Neurology.tar
SCARA5_Q6ZMJ2_OID21058_v1_Neurology/discovery_chr17_SCARA5:Q6ZMJ2:OID21058:v1:Neurology.gz	17	14673860	CHROM GENPOS ID ALLELE0 ALLELE1 A1FREQ INFO N TEST BETA SE CHISQ LOG10P EXTRA	True	425489	17	17	14	14	True	SCARA5	OID21058	SCARA5_Q6ZMJ2_OID21058_v1_Neurology.tar
SCARA5_Q6ZMJ2_OID21058_v1_Neurology/discovery_chr18_SCARA5:Q6ZMJ2:OID21058:v1:Neurology.gz	18	15114859	CHROM GENPOS ID ALLELE0 ALLELE1 A1FREQ INFO N TEST BETA SE CHISQ LOG10P EXTRA	True	440742	18	18	14	14	True	SCARA5	OID21058	SCARA5_Q6ZMJ2_OID21058_v1_Neurology.tar
SCARA5_Q6ZMJ2_OID21058_v1_Neurology/discovery_chr19_SCARA5:Q6ZMJ2:OID21058:v1:Neurology.gz	19	12208470	CHROM GENPOS ID ALLELE0 ALLELE1 A1FREQ INFO N TEST BETA SE CHISQ LOG10P EXTRA	True	355452	19	19	14	14	True	SCARA5	OID21058	SCARA5_Q6ZMJ2_OID21058_v1_Neurology.tar
SCARA5_Q6ZMJ2_OID21058_v1_Neurology/discovery_chr20_SCARA5:Q6ZMJ2:OID21058:v1:Neurology.gz	20	11875943	CHROM GENPOS ID ALLELE0 ALLELE1 A1FREQ INFO N TEST BETA SE CHISQ LOG10P EXTRA	True	344739	20	20	14	14	True	SCARA5	OID21058	SCARA5_Q6ZMJ2_OID21058_v1_Neurology.tar
SCARA5_Q6ZMJ2_OID21058_v1_Neurology/discovery_chr21_SCARA5:Q6ZMJ2:OID21058:v1:Neurology.gz	21	7183460	CHROM GENPOS ID ALLELE0 ALLELE1 A1FREQ INFO N TEST BETA SE CHISQ LOG10P EXTRA	True	208626	21	21	14	14	True	SCARA5	OID21058	SCARA5_Q6ZMJ2_OID21058_v1_Neurology.tar
SCARA5_Q6ZMJ2_OID21058_v1_Neurology/discovery_chr22_SCARA5:Q6ZMJ2:OID21058:v1:Neurology.gz	22	7224584	CHROM GENPOS ID ALLELE0 ALLELE1 A1FREQ INFO N TEST BETA SE CHISQ LOG10P EXTRA	True	209112	22	22	14	14	True	SCARA5	OID21058	SCARA5_Q6ZMJ2_OID21058_v1_Neurology.tar
