pathway,outcome,gene,n_snps,n_proteins,beta_ridge,se_ridge,pval_ridge,lambda
Complement,AD,C1QA,29,10,-0.000256072464171758,0.000362967575121299,0.480501120230542,76.0308426986793
Complement,AD,C2,29,10,0,0,,76.0308426986793
Complement,AD,C3,29,10,0,0,,76.0308426986793
Complement,AD,C5,29,10,0,0,,76.0308426986793
Complement,AD,CFB,29,10,0,0,,76.0308426986793
Complement,AD,CFD,29,10,0,0,,76.0308426986793
Complement,AD,CFH,29,10,0,0,,76.0308426986793
Complement,AD,CFI,29,10,0,0,,76.0308426986793
Complement,AD,CFP,29,10,0,0,,76.0308426986793
Complement,AD,SERPING1,29,10,0,0,,76.0308426986793
Complement,Dry_AMD,C1QA,29,10,0.0359728316907182,0.0245361915399657,0.142617479116744,2.19666742245167
Complement,Dry_AMD,C2,29,10,0,0,,2.19666742245167
Complement,Dry_AMD,C3,29,10,0,0,,2.19666742245167
Complement,Dry_AMD,C5,29,10,0,0,,2.19666742245167
Complement,Dry_AMD,CFB,29,10,0,0,,2.19666742245167
Complement,Dry_AMD,CFD,29,10,0,0,,2.19666742245167
Complement,Dry_AMD,CFH,29,10,0,0,,2.19666742245167
Complement,Dry_AMD,CFI,29,10,0,0,,2.19666742245167
Complement,Dry_AMD,CFP,29,10,0,0,,2.19666742245167
Complement,Dry_AMD,SERPING1,29,10,0,0,,2.19666742245167
Complement,Wet_AMD,C1QA,29,10,0.026226782114527,0.0253613274233007,0.301077741483551,3.73393462485861
Complement,Wet_AMD,C2,29,10,0,0,,3.73393462485861
Complement,Wet_AMD,C3,29,10,0,0,,3.73393462485861
Complement,Wet_AMD,C5,29,10,0,0,,3.73393462485861
Complement,Wet_AMD,CFB,29,10,0,0,,3.73393462485861
Complement,Wet_AMD,CFD,29,10,0,0,,3.73393462485861
Complement,Wet_AMD,CFH,29,10,0,0,,3.73393462485861
Complement,Wet_AMD,CFI,29,10,0,0,,3.73393462485861
Complement,Wet_AMD,CFP,29,10,0,0,,3.73393462485861
Complement,Wet_AMD,SERPING1,29,10,0,0,,3.73393462485861
Complement,Any_AMD,C1QA,29,10,0.0489054260103928,0.0454844997618341,0.282280354977417,1.01778586724938
Complement,Any_AMD,C2,29,10,0,0,,1.01778586724938
Complement,Any_AMD,C3,29,10,0,0,,1.01778586724938
Complement,Any_AMD,C5,29,10,0,0,,1.01778586724938
Complement,Any_AMD,CFB,29,10,0,0,,1.01778586724938
Complement,Any_AMD,CFD,29,10,0,0,,1.01778586724938
Complement,Any_AMD,CFH,29,10,0,0,,1.01778586724938
Complement,Any_AMD,CFI,29,10,0,0,,1.01778586724938
Complement,Any_AMD,CFP,29,10,0,0,,1.01778586724938
Complement,Any_AMD,SERPING1,29,10,0,0,,1.01778586724938
Inflammatory,AD,CSF1,15,8,-0.0406356526392117,0.0390157152107652,0.29763421726469,1.00469961466411
Inflammatory,AD,IFNG,15,8,0,0,,1.00469961466411
Inflammatory,AD,IL10,15,8,0,0,,1.00469961466411
Inflammatory,AD,IL18,15,8,0,0,,1.00469961466411
Inflammatory,AD,IL1B,15,8,0,0,,1.00469961466411
Inflammatory,AD,IL6,15,8,0,0,,1.00469961466411
Inflammatory,AD,TGFB1,15,8,0,0,,1.00469961466411
Inflammatory,AD,TNF,15,8,0,0,,1.00469961466411
Inflammatory,Dry_AMD,CSF1,14,8,0.0789439150465474,0.0507834926178302,0.120060617042728,0.726903828834741
Inflammatory,Dry_AMD,IFNG,14,8,0,0,,0.726903828834741
Inflammatory,Dry_AMD,IL10,14,8,0,0,,0.726903828834741
Inflammatory,Dry_AMD,IL18,14,8,0,0,,0.726903828834741
Inflammatory,Dry_AMD,IL1B,14,8,0,0,,0.726903828834741
Inflammatory,Dry_AMD,IL6,14,8,0,0,,0.726903828834741
Inflammatory,Dry_AMD,TGFB1,14,8,0,0,,0.726903828834741
Inflammatory,Dry_AMD,TNF,14,8,0,0,,0.726903828834741
Inflammatory,Wet_AMD,CSF1,14,8,0.163037953285335,0.105087216672699,0.120792989843229,0.492197123236565
Inflammatory,Wet_AMD,IFNG,14,8,0,0,,0.492197123236565
Inflammatory,Wet_AMD,IL10,14,8,0,0,,0.492197123236565
Inflammatory,Wet_AMD,IL18,14,8,0,0,,0.492197123236565
Inflammatory,Wet_AMD,IL1B,14,8,0,0,,0.492197123236565
Inflammatory,Wet_AMD,IL6,14,8,0,0,,0.492197123236565
Inflammatory,Wet_AMD,TGFB1,14,8,0,0,,0.492197123236565
Inflammatory,Wet_AMD,TNF,14,8,0,0,,0.492197123236565
Inflammatory,Any_AMD,CSF1,14,8,0.130450102347193,0.084068619250121,0.120731671090732,0.0671620868401019
Inflammatory,Any_AMD,IFNG,14,8,0,0,,0.0671620868401019
Inflammatory,Any_AMD,IL10,14,8,0,0,,0.0671620868401019
Inflammatory,Any_AMD,IL18,14,8,0,0,,0.0671620868401019
Inflammatory,Any_AMD,IL1B,14,8,0,0,,0.0671620868401019
Inflammatory,Any_AMD,IL6,14,8,0,0,,0.0671620868401019
Inflammatory,Any_AMD,TGFB1,14,8,0,0,,0.0671620868401019
Inflammatory,Any_AMD,TNF,14,8,0,0,,0.0671620868401019
Chemokine,AD,CCL2,19,5,0.00018689766271522,0.000288246160466447,0.516728845016266,119.269299540347
Chemokine,AD,CCL5,19,5,0.000870335297206609,0.000451839538276171,0.0540788592752948,119.269299540347
Chemokine,AD,CX3CL1,19,5,0,0,,119.269299540347
Chemokine,AD,CXCL10,19,5,0,0,,119.269299540347
Chemokine,AD,CXCL12,19,5,0.00120843887519264,0.000627367979084651,0.0540788738639318,119.269299540347
Chemokine,Dry_AMD,CCL2,18,5,0.0207237286836245,0.0185828087152871,0.264760566844712,3.30809265751829
Chemokine,Dry_AMD,CCL5,18,5,-0.0265425204600293,0.0158322256980307,0.0936428417656642,3.30809265751829
Chemokine,Dry_AMD,CX3CL1,18,5,0,0,,3.30809265751829
Chemokine,Dry_AMD,CXCL10,18,5,0,0,,3.30809265751829
Chemokine,Dry_AMD,CXCL12,18,5,-0.0368494481634954,0.0219824340609579,0.0936768270531681,3.30809265751829
Chemokine,Wet_AMD,CCL2,18,5,0.0355126594430247,0.0297777993542216,0.23303059322986,0.951482424955849
Chemokine,Wet_AMD,CCL5,18,5,0.260418586310072,0.121448300652437,0.0320108380052625,0.951482424955849
Chemokine,Wet_AMD,CX3CL1,18,5,0,0,,0.951482424955849
Chemokine,Wet_AMD,CXCL10,18,5,0,0,,0.951482424955849
Chemokine,Wet_AMD,CXCL12,18,5,0.361528047954501,0.168604269128805,0.0320136473671464,0.951482424955849
Chemokine,Any_AMD,CCL2,18,5,0.0222406745321614,0.0233553239270793,0.340957892686133,2.38830245628668
Chemokine,Any_AMD,CCL5,18,5,0.0588349630953415,0.0323086217644601,0.068602326797059,2.38830245628668
Chemokine,Any_AMD,CX3CL1,18,5,0,0,,2.38830245628668
Chemokine,Any_AMD,CXCL10,18,5,0,0,,2.38830245628668
Chemokine,Any_AMD,CXCL12,18,5,0.0816879295331426,0.0448579251916749,0.0686012733099024,2.38830245628668
Immune,AD,CD14,14,4,-0.000169670344138581,0.000196376967953793,0.387586089534549,236.797932653336
Immune,AD,CD40,14,4,0,0,,236.797932653336
Immune,AD,TLR4,14,4,0,0,,236.797932653336
Immune,AD,TREM2,14,4,0,0,,236.797932653336
Immune,Dry_AMD,CD14,11,4,-3.52220216495628e-38,0.000561347354594955,1,219.600776070541
Immune,Dry_AMD,CD40,11,4,0,0,,219.600776070541
Immune,Dry_AMD,TLR4,11,4,0,0,,219.600776070541
Immune,Dry_AMD,TREM2,11,4,0,0,,219.600776070541
Immune,Wet_AMD,CD14,11,4,4.69962897412369e-38,0.000505001181342943,1,260.833165011962
Immune,Wet_AMD,CD40,11,4,0,0,,260.833165011962
Immune,Wet_AMD,TLR4,11,4,0,0,,260.833165011962
Immune,Wet_AMD,TREM2,11,4,0,0,,260.833165011962
Immune,Any_AMD,CD14,11,4,-9.06923521909874e-39,0.00129843037136636,1,66.900628552488
Immune,Any_AMD,CD40,11,4,0,0,,66.900628552488
Immune,Any_AMD,TLR4,11,4,0,0,,66.900628552488
Immune,Any_AMD,TREM2,11,4,0,0,,66.900628552488
Lipid,AD,LPA,9,2,5.40427318346573e-40,0.000873102353988919,1,8.89946476048544
Lipid,AD,PON1,9,2,0,0,,8.89946476048544
Lipid,Dry_AMD,LPA,9,2,-0.000202034699711407,0.000269962240536136,0.454230182612184,86.5957702907888
Lipid,Dry_AMD,PON1,9,2,0,0,,86.5957702907888
Lipid,Wet_AMD,LPA,9,2,-0.00901648319479224,0.0109073685887908,0.408440305453705,3.66657062397853
Lipid,Wet_AMD,PON1,9,2,0,0,,3.66657062397853
Lipid,Any_AMD,LPA,9,2,-0.0146146507278671,0.0111057593081085,0.188190016180601,2.13341992476457
Lipid,Any_AMD,PON1,9,2,0,0,,2.13341992476457
